region,location,name,population,pop_active_duty,pop_active_duty_fam,pop_civilian,pop_contract,pop_retired,pop_retired_fam,pop_resrv_ntgrd
CONUS,Alabama,Anniston Army Depot,"<div class=""section-text"">
<p>ANAD's workforce includes Active Duty Officers, DoD Civilian Employees, Tenant Employees, Contract Employees, and NAF Employees. 4,316 Depot Employees.</p>
</div>",NA,NA,NA,NA,NA,NA,NA
CONUS,Alabama,Fort Rucker,"<div class=""section-text"">
<ul>
<li>Post Population: 20,210</li>
  <li>Military: 5,009</li>
  <li>Civilian: 10,104</li>
  <li>Military Family Members: 5,097</li>
</ul>
<p>Fort Rucker, AL has a population of 4,681 and is the 6,757th largest city in the United States. The population density is 431 per sq mi which is 368% higher than the Alabama average and 376% higher than the national average. The median age in Fort Rucker is 23 which is approximately 39% lower than the Alabama average of 39. In Fort Rucker, 63% of the population over 15 years of age are married, 92% speak English and 7% speak Spanish. 12% of Fort Rucker residents were born in Alabama, 80% were born out of state, 5% were born outside of the United States and 3% were foreign born.</p>
</div>",5009,5097,10104,NA,NA,NA,NA
CONUS,Alabama,Maxwell AFB and Gunter Annex,<div />,NA,NA,NA,NA,NA,NA,NA
CONUS,Alabama,Redstone Arsenal,"<div class=""section-text""><p>The current population within a 40-mile radius includes 850 Active Duty  35,500 plus Department of Defense Civilians and contractors, 15,000 Retirees and Family Members.</p></div>",850,NA,35500,NA,15000,NA,NA
CONUS,Alabama,"USAREC, 2nd Medical Recruiting Battalion",<div />,NA,NA,NA,NA,NA,NA,NA
CONUS,Alabama,"USAREC, Montgomery Battalion",<div />,NA,NA,NA,NA,NA,NA,NA
CONUS,Arizona,Davis-Monthan AFB,"<div class=""section-text""><ul>
<li>355th Wing =  5,600</li>
  <li>Base Population Supported = 11,100</li>
</ul></div> <br/> <div class=""section-text""><p>Davis-Monthan AFB is located in Tucson, AZ.   Tucson is the second largest city in Arizona located in the diverse Sonoran Desert region of the Southwestern United States.  Tucson has about 545,975 (2018) people, and is in Pima County. Other nearby small communities include Marana, Oro Valley, Vail, Sahuarita, and Green Valley.  Tucson is located 108 miles southeast of Phoenix and 60 miles north of the U.S. - Mexico border. <br><br>It is about 7 miles from downtown Tucson to Davis-Monthan; this takes about 14 minutes to commute, but the metro area is large and travel times can vary significantly. The average commute in Tucson is about 21 minutes.<br><br>Major local employers include Amazon, Raytheon Missile Systems, the University of Arizona, State of Arizona, Davis-Monthan AFB, Pima County, and Banner University Medical Center. There are also many local businesses, including dozens of businesses related to the optics industry, giving the area a nickname Optics Valley.</p></div>",NA,NA,NA,NA,NA,NA,NA
CONUS,Arizona,Fort Huachuca,"<div class=""section-text"">
<p>Fort Huachuca is a joint services installation training over 9,000 students a year. At any given time, we have over 5,600 Military, 8,000 Civilians and over 11,000 family members.</p>
</div>",5600,11000,11000,NA,NA,NA,NA
CONUS,Arizona,Luke AFB,"<div class=""section-text""><ul>
<li>Active Duty 4,800</li>
  <li>Reservists 1,700</li>
  <li>Civilians 800</li>
  <li>Family Members 6,700</li>
  <li>Retirees 65,000</li>
</ul></div> <br/> <div class=""section-text""><p>Luke AFB is located in Glendale which has a population of 250,702. Phoenix has over 1.6 million residents. Maricopa County is the largest county in Arizona by population, which is home to 4.3 million of the state's 7.17 million people.</p></div>",4800,6700,800,NA,65000,NA,1700
CONUS,Arizona,MCAS Yuma,"<div class=""section-text""><p>6592 military, 5531 Family members, 2651 Civilians 5000 transients</p></div>",6592,5531,5000,NA,NA,NA,NA
CONUS,Arizona,"USAREC, Phoenix Battalion",<div />,NA,NA,NA,NA,NA,NA,NA
CONUS,Arizona,Yuma Proving Ground,"<div class=""section-text"">
<p>Total population is approximately 11,757</p>
</div>",NA,NA,NA,NA,NA,NA,NA
CONUS,Arkansas,Little Rock AFB,"<div class=""section-text""><ul>
<li>6,995 military members</li>
  <li>5,582 family members</li>
  <li>1,316 civilians</li>
</ul></div> <br/> <div class=""section-text""><p>Little Rock-North Little Rock-Conway metro: 729,135; Jacksonville: 28,513; Cabot: 26,141.</p></div>",6995,5582,1316,NA,NA,NA,NA
CONUS,Arkansas,Pine Bluff Arsenal,"<div class=""section-text"">
<p>The Pine Bluff Arsenal is a very small installation. Our population is primarily DOD civilians.</p>
</div>",NA,NA,NA,NA,NA,NA,NA
CONUS,California,Beale AFB,"<div class=""section-text""><ul>
<li>Active Duty: 3,920</li>
  <li>Family Members: 4,032</li>
  <li>Civilian Employees: 756</li>
  <li>Reservists/Guard: 1,200</li>
  <li>Retirees: 35,000</li>
  <li>Cows:  1,441</li>
</ul></div> <br/> <div class=""section-text""><p>Beale AFB is located near Marysville, CA in Yuba County, but is surrounded by Sutter, Placer, and Nevada counties.  The population of the four counties is in excess of 600,000.  Beale's population is dispersed throughout all four counties. </p></div>",3920,4032,756,NA,35000,NA,1200
CONUS,California,Camp Parks,<div />,NA,NA,NA,NA,NA,NA,NA
CONUS,California,Camp Pendleton,"<div class=""section-text""><ul>
<li>More than 42,000 active duty personnel;</li>
  <li>More than 38,000 military family members occupy base housing complexes. However, with a daytime population of 70,000 military and civilian personnel;</li>
  <li>More than 77,000 retired military personnel reside within a 50-mile radius of Camp Pendleton with all the privileges to Base recreation facilities, commissary, exchange and medical services.</li>
</ul></div> <br/> <div class=""section-text"">
<p style=""margin: 0px 0px 10.66px;""><span style=""font-size: 16px;""><font face=""Calibri""><font color=""#000000""><span style=""margin: 0px; line-height: 107%;"">Southern California is a highly populated area, and in recent years is rapidly growing in numbers. Camp Pendleton's area is so large that it borders several cities and three counties. </span><span style=""margin: 0px; word-spacing: 0px; float: none; cursor: text; -ms-word-wrap: break-word; orphans: 2; -webkit-text-stroke-width: 0px;"">Camp Pendleton is directly above Oceanside, CA with a population of 176,193 people. San Diego County, which borders Camp Pendleton to the south and southeast, has a population of </span><span style=""margin: 0px; word-spacing: 0px; float: none; list-style-position: outside; border-spacing: 0px 0px; orphans: 2; -webkit-text-stroke-width: 0px;"">3,337,685. Riverside County, which borders Camp Pendleton to the east, has a population of 2,423,266. Orange County, which borders Camp Pendleton to the north, has a population of </span><span style=""margin: 0px; line-height: 107%;""><span style=""margin: 0px; word-spacing: 0px; float: none; orphans: 2; -webkit-text-stroke-width: 0px;"">3,190,400. </span></span><span style=""margin: 0px; line-height: 107%;"">While Southern California is vastly populated, it gives our service members options in the types of area they would like to reside in such as city living, beach living, or country living, and offers plenty of recreational options. </span></font></font></span></p>
</div>",42000,38000,70000,NA,77000,NA,NA
CONUS,California,Defense Distribution Depot San Joaquin,"<div class=""section-text"">
<p>Defense Distribution Depot San Joaquin employs a workforce of approximately 1,500.</p>
</div>",NA,NA,NA,NA,NA,NA,NA
CONUS,California,Edwards AFB,"<div class=""section-text"">
<p>Active Duty 2,207<br>Air Reserve and National Guard 37<br>Civilian Employees 4,302<br>Contractors 2,265<br>Associates and NAF 229<br>Private Business 175<br>Base Exchange 138<br>Family Members 2,104</p>
</div>",2207,2104,4302,2265,NA,NA,4302
CONUS,California,Fort Hunter Liggett,"<div class=""section-text"">
<p>FHL is surrounded by small communities; Lockwood, population approx. 520, Bradley, population approx. 1,400. King City, population approx., 13,000 is 25 miles northeast while Paso Robles, population approx., 31,000 is 45 miles south.</p>
</div>",NA,NA,NA,NA,NA,NA,NA
CONUS,California,Fort Irwin,"<div class=""section-text""><p>Active Duty - 4,331, Rotational Soldiers - 5,642, Family Members - 7,701, Civilian Workforce - 7,306, Reserve/National Guard - 88, Number of Organizations - 84.</p></div>",4331,7701,7306,NA,NA,NA,NA
CONUS,California,Los Angeles AFB,"<div class=""section-text""><ul>
<li>1,300 active duty</li>
  <li>2,067 family members</li>
  <li>1,700 civilians</li>
</ul></div> <br/> <div class=""section-text""><p>Los Angeles County: 10,163, 507</p></div>",1300,2067,1700,NA,NA,NA,NA
CONUS,California,MCLB Barstow,"<div class=""section-text"">
<ul>
<li>Active Duty 70</li>
  <li>Reservists 16</li>
  <li>Civilians 1,482</li>
  <li>Contractors 488</li>
</ul>
<p>The base employs a combined military-civilian workforce. Marines and sailors work side-by-side with approximately 1,700 civilian employees, in many instances performing identical work.</p>
</div>",NA,NA,1482,488,NA,NA,NA
CONUS,California,MCRD San Diego,"<div class=""section-text"">
<p>Approximately 3,800 military personnel and 1,200 civilian employees.</p>
</div>",1200,NA,1200,NA,NA,NA,NA
CONUS,California,March ARB,"<div class=""section-text"">
<p>Reservists (both ARTs and TRs), Guardsmen, and active duty from all branches of the military have a presence on March ARB. The number of assigned personnel to include tenant units is well over 7,000.  Civilian population of 1,750.</p>
</div>",NA,NA,1750,NA,NA,NA,NA
CONUS,California,Marine Corps Air Station Miramar,"<div class=""section-text"">
<p>Mira Mesa has a population of approximately 80,000 and is the largest community in San Diego.  San Diego has a population of 1,266,731.</p>
</div>",NA,NA,NA,NA,NA,NA,NA
CONUS,California,Marine Corps Mountain Warfare Training Center (MWTC),"<div class=""section-text"">
<p>MCMWTC has approximately 250 active duty Marines and Sailors assigned as permanent personnel and approximately 100 civilian employees.</p>
</div>",250,NA,100,NA,NA,NA,NA
CONUS,California,Naval Air Facility El Centro,"<div class=""section-text"">
<p>Every month, seven to 12 squadrons and up to 1,600 personnel train here. Additionally, U.S. Air Force parachutists, U.S. Navy SEAL's, Army Green Berets, and British, French, German and Italian aviators visit for various phases of their training.</p>
</div>",NA,NA,NA,NA,NA,NA,NA
CONUS,California,Naval Air Station Lemoore,"<div class=""section-text""><ul>
<li>6,502 Active Duty</li>
  <li>7,476 Active Duty Dependents</li>
  <li>10,006 Retirees</li>
  <li>24,032 Retiree Dependents</li>
  <li>355 Reservists</li>
  <li>2,403 Civilians</li>
</ul></div> <br/> <div class=""section-text""><p>Lemoore has a population of 26,355. Hanford, located 20 minutes from base, has a population of 56,499. Both towns have charming historic downtown districts, with shops and restaurants. Hanford has many commercial shopping opportunities including big box stores. Fresno is a major metropolitan center, with a population of near one million people and is located approximately 45 minutes north from the base.</p></div>",13978,7476,2403,NA,10006,24032,355
CONUS,California,Naval Air Weapons Station China Lake,"<div class=""section-text"">
<p>China Lake statistics (approximations as of Dec. 2018):</p>
</div>",NA,NA,NA,NA,NA,NA,NA
CONUS,California,Naval Base Coronado,"<div class=""section-text""><p>NBC maintains its stance as a consortium of eight Naval Installations unequaled in operational scope and complexity while accommodating the requirements of 16 helicopter squadrons, 2 fixed wing squadrons, 2 aircraft carriers, 4 SEAL Teams, Basic Underwater Demolition/SEAL (BUD/S) and SEAL Qualification Training (SQT), Navy Expeditionary Command Squadrons and other air, surface and subsurface commands.</p></div>",NA,NA,NA,NA,NA,NA,NA
CONUS,California,Naval Base Point Loma,"<div class=""section-text"">
<p>Naval Base Point Loma provides support to 70 U.S. Pacific Fleet afloat and shore based tenant commands headquartered on the base. Submarine Squadron 11 (CSS-11) has 5 Los Angeles-class submarines stationed here.</p>
</div>",NA,NA,NA,NA,NA,NA,NA
CONUS,California,Naval Base San Diego,"<div class=""section-text""><p>Naval Base San Diego is the principal homeport of the Pacific Fleet, consisting of 56 Navy ships and more than 200 tenant commands, with a population of about 42,500 active duty, civilians and contractors coming and going from the base almost daily. </p></div>",42500,NA,NA,NA,NA,NA,NA
CONUS,California,Naval Base Ventura County - Point Mugu/Port  Hueneme,"<div class=""section-text"">
<p><u>NBVC Stats</u></p>
</div>",NA,NA,NA,NA,NA,NA,NA
CONUS,California,Naval Support Activity Monterey,"<div class=""section-text""><p>Currently There are 87 staff (permanent Party), and approximately 1500 plus service members (students), attending NPS that consist of officers from the five U.S. uniformed services, officers from approximately 30 other countries and a small number of civilian employees. Monterey, CA. Population 27,810, Pacific Grove, CA. Population 15,041, Seaside, CA. Population 33,025, Marina, CA. Population 20,370, Carmel, CA. Population 3,722</p></div>",NA,NA,NA,NA,NA,NA,NA
CONUS,California,Presidio of Monterey (DLI/FLC),"<div class=""section-text"">
<p>127 <span style='line-height: 107%; font-family: ""Calibri"",sans-serif; font-size: 11pt; mso-fareast-font-family: Calibri; mso-fareast-theme-font: minor-latin; mso-ansi-language: EN-US; mso-fareast-language: EN-US; mso-bidi-language: AR-SA; mso-ascii-theme-font: minor-latin; mso-hansi-theme-font: minor-latin; mso-bidi-font-family: ""Times New Roman""; mso-bidi-theme-font: minor-bidi;'><font color=""#000000"">Permanent party. </font></span>active duty;<span style='line-height: 107%; font-family: ""Calibri"",sans-serif; font-size: 11pt; mso-fareast-font-family: Calibri; mso-fareast-theme-font: minor-latin; mso-ansi-language: EN-US; mso-fareast-language: EN-US; mso-bidi-language: AR-SA; mso-ascii-theme-font: minor-latin; mso-hansi-theme-font: minor-latin; mso-bidi-font-family: ""Times New Roman""; mso-bidi-theme-font: minor-bidi;'><font color=""#000000""> </font></span> 9,692  students, active duty; 1,590 Faculty and DoD civilians</p>
</div>",NA,NA,1590,NA,NA,NA,NA
CONUS,California,Travis Air Force Base,"<div class=""section-text"">
<p style=""margin: 0in 0in 0pt;""><font face=""Calibri""><font size=""3""><span style=""color: black;"">Active Duty Military 6,641</span></font></font></p>
</div>",6641,NA,NA,NA,NA,NA,NA
CONUS,California,Twentynine Palms (MCAGCC),"<div class=""section-text"">
<p>The population of Twentynine Palms is quite large. It includes</p>
</div>",NA,NA,NA,NA,NA,NA,NA
CONUS,California,"USAREC, Los Angeles Battalion",<div />,NA,NA,NA,NA,NA,NA,NA
CONUS,California,"USAREC, Southern California Battalion",<div />,NA,NA,NA,NA,NA,NA,NA
CONUS,California,"USAREC, US Army Battalion Central California",<div />,NA,NA,NA,NA,NA,NA,NA
CONUS,California,"USAREC, US Army Recruiting Battalion Northern California","<div class=""section-text"">
<p>The base population is comprised of 285 Active Duty/AGR Army Recruiters, 28 Civilian Staff, and 160 Family Members.</p>
</div>",285,160,NA,NA,NA,NA,NA
CONUS,California,Vandenberg AFB,"<div class=""section-text""><ul>
<li>2,892 Military Personnel</li>
  <li>3,785 Family Members</li>
  <li>1,143 DoD civilians</li>
  <li>2,822 NAF/Contractors/Private Business</li>
  <li>8,000 Retirees (Santa Barbara and San Luis Obispo Counties from all branches of service)</li>
</ul></div> <br/> <div class=""section-text"">
<p>Lompoc: 42,434; Santa Maria: 107,356; Santa Barbara County: 445,606</p>
</div>",2892,3785,1143,2822,8000,NA,NA
CONUS,Colorado,Buckley AFB,"<div class=""section-text"">
<p>Population numbers were provided by the 460 FSS Manpower and the Military Personnel Flight, except veterans and retirees  .</p>
</div>",460,NA,NA,NA,NA,NA,NA
CONUS,Colorado,Fort Carson,"<div class=""section-text"">
<p><em>Fort Carson Population Data - 70% of the Soldiers and Family Members live off post (Black Forest, Colorado Springs, Fountain, Manitou Springs, Monument, Pueblo, Security, Widefield)</em></p>
</div>",NA,NA,NA,NA,NA,NA,NA
CONUS,Colorado,Peterson AFB,"<div class=""section-text""><ul>
<li>5,750+ active duty</li>
  <li>1,325+ reservists</li>
  <li>10,200+ family members</li>
  <li>1,901 civilians</li>
  <li>17,000+ Air Force/Navy/Marine Retirees </li>
</ul></div> <br/> <div class=""section-text""><p>Colorado Springs metro: 610,120; Colorado Springs: 500,000+</p></div>",5750,10200,1901,NA,17000,NA,1325
CONUS,Colorado,Schriever AFB,"<div class=""section-text""><ul>
<li>1,180  Military</li>
  <li>2,496 CME</li>
  <li>596 Civilians</li>
  <li>60 NAF Employees</li>
  <li>485 Reservists</li>
  <li>1, 666 Active Duty Familiy Members</li>
</ul></div> <br/> <div class=""section-text"">
<p>Colorado Springs metro: 439,886; El Paso County: 699,232</p>
</div>",NA,666,596,2496,NA,NA,485
CONUS,Colorado,USAF Academy,"<div class=""section-text"">
<p>Approximate installation population:</p>
</div>",NA,NA,NA,NA,NA,NA,NA
CONUS,Colorado,"USAREC, Denver Battalion",<div />,NA,NA,NA,NA,NA,NA,NA
CONUS,Connecticut,Naval Submarine Base New London,"<div class=""section-text"">
<p>Population</p>
</div>",NA,NA,NA,NA,NA,NA,NA
CONUS,Delaware,Dover AFB,"<div class=""section-text"">
<ul>
<li>Military - 3,382</li>
  <li>Civilian - 1,063</li>
  <li>Reservists- 1,523</li>
  <li>Dependents- 4,114</li>
</ul>
<p>Area Population: 976,972 in Delaware and 38,079 in Dover proper.</p>
</div>",3382,4114,1063,NA,NA,NA,1523
CONUS,District Of Columbia,Joint Base Anacostia-Bolling,"<div class=""section-text"">
<p>JBAB has active duty, family members, civilian employees, guard reserve and retirees as part of their community.</p>
</div>",NA,NA,NA,NA,NA,NA,NA
CONUS,District Of Columbia,Joint Base Anacostia-Bolling ,"<div class=""section-text"">
<p>JBAB has active duty, family members, civilian employees, guard reserve and retirees as part of their community.</p>
</div>",NA,NA,NA,NA,NA,NA,NA
CONUS,District Of Columbia,Naval Support Activity Washington,"<div class=""section-text""><p> United States Census Bureau 2019 Estimate- 705,749</p></div>",NA,NA,NA,NA,NA,NA,NA
CONUS,District Of Columbia,Pentagon - Air Force,"<div class=""section-text""><p>The Pentagon houses approximately 24,000 military and civilian employees and approximately 3,000 non-defense support personnel.</p></div>",NA,NA,3000,NA,NA,NA,NA
CONUS,Florida,Eglin AFB,"<div class=""section-text"">
<div>Eglin has approximately 20,000 + personnel and provides services for over 92,000.</div>
<div> </div>
</div> <br/> <div class=""section-text"">
<p>Okaloosa County = 203,000</p>
</div>",NA,NA,NA,NA,NA,NA,NA
CONUS,Florida,Hurlburt Field,"<div class=""section-text""><ul>
<li>Active Duty Military 8,036</li>
  <li>Hurlburt Reservists 7731</li>
  <li>Civilian Employees 1,858</li>
  <li>Family Members 11,066</li>
  <li>Contractors: 2,310</li>
</ul></div> <br/> <div class=""section-text"">
<p>2018 Population</p>
</div>",8036,11066,1858,2310,NA,NA,7731
CONUS,Florida,MacDill AFB,"<div class=""section-text""><ul>
<li>Joint Service Active Duty: 19,900 </li>
  <li>Joint Service Civilians: 2,900</li>
  <li>Family Members: 34,600</li>
  <li>Retirees: 37,900</li>
</ul></div> <br/> <div class=""section-text"">
<p>The Tampa Bay area's population is approximately 3 million. </p>
</div>",19900,34600,2900,NA,37900,NA,NA
CONUS,Florida,Naval Air Station Jacksonville,"<div class=""section-text""><ul>
<li>10,427 Total Active Duty</li>
  <li>34,000 Family Members</li>
  <li>8,354  Federal Employees: APF &amp; NAF</li>
  <li>2,500 Contract Employees</li>
  <li>1,000 Transient Personnel</li>
</ul></div> <br/> <div class=""section-text"">
<p>805,605</p>
</div>",10427,34000,8354,2500,NA,NA,NA
CONUS,Florida,Naval Air Station Key West,"<div class=""section-text""><p>NAS Key West community consists of service members and their families from the Navy, Marines, Air Force, Army, and Coast Guard, as well as civilian employees, foreign dignitaries and retirees.</p></div>",NA,NA,NA,NA,NA,NA,NA
CONUS,Florida,Naval Air Station Pensacola,"<div class=""section-text"">
<p>14,544 military personnel</p>
</div>",14544,NA,NA,NA,NA,NA,NA
CONUS,Florida,Naval Air Station Whiting Field,"<div class=""section-text""><ul>
<li>2,540 Active Duty personnel</li>
  <li>Approximately 2,400 family members</li>
  <li>1,182 civilian employees</li>
  <li>210 non-appropriated funded employees</li>
  <li>687 contract employees</li>
  <li>Approximately 9,300 Retirees</li>
</ul></div> <br/> <div class=""section-text""><table border=""0"" class=""race_stats_table""><tbody>
<tr>
<td class=""statsGrid""><b>Total Population</b></td>
    <td class=""statsGrid"">8,826</td>
    <td class=""statsGrid"">100</td>
  </tr>
<tr>
<td class=""statsGridOdd"">White</td>
    <td class=""statsGridOdd"">6,828</td>
    <td class=""statsGridOdd"">77</td>
  </tr>
<tr>
<td class=""statsGrid"">Black or African American</td>
    <td class=""statsGrid"">1,227</td>
    <td class=""statsGrid"">13</td>
  </tr>
<tr>
<td class=""statsGridOdd"">Hispanic or Latino</td>
    <td class=""statsGridOdd"">426</td>
    <td class=""statsGridOdd"">4</td>
  </tr>
<tr>
<td class=""statsGrid"">Two or More Races</td>
    <td class=""statsGrid"">355</td>
    <td class=""statsGrid"">4</td>
  </tr>
<tr>
<td class=""statsGridOdd"">Asian</td>
    <td class=""statsGridOdd"">197</td>
    <td class=""statsGridOdd"">2</td>
  </tr>
<tr>
<td class=""statsGrid"">Some Other Race</td>
    <td class=""statsGrid"">132</td>
    <td class=""statsGrid"">1</td>
  </tr>
</tbody></table></div> <br/> <div class=""section-text""><p>NAS Whiting Field serves a population of over 1900 Active Duty personnel, approximately 2,300 Family members and 9,300 retirees.  There are 352 civilian employees, 177 non-appropriated funded employees, and 843 contract employees.</p></div>",4440,9300,1534,1530,18600,NA,NA
CONUS,Florida,Naval Station Mayport,"<div class=""section-text"">
<p>                                                       As of September 2019</p>
</div>",NA,NA,NA,NA,NA,NA,NA
CONUS,Florida,Naval Support Activity Orlando,"<div class=""section-text""><p>Today, NSA Orlando provides support to all Department of Defense activities in Central Florida, most of which support military training and simulation missions. It has added the U.S. Army's Program Executive Office for Simulation, Training, and Instrumentation, the Army's equivalent to NAWCTSD, as a major tenant unit. The combined government end strength of the base and its tenants currently comprise approximately 120 Active-Duty military and 2,200 civil service serving on or near NSA Orlando. We also serve a community of approximately 350 military family members, 3,200 Joint Services Reserves, and 48,000 military retirees in the Central Florida area.</p></div>",2200,350,2200,NA,48000,NA,3200
CONUS,Florida,Naval Support Activity Panama City,"<div class=""section-text"">
<p>We serve active duty Navy and Coast Guard permanent party personnel and families. In addition, the largest numbers of the Base population are comprised of hundreds of EOD/Diver students.</p>
</div>",NA,NA,NA,NA,NA,NA,NA
CONUS,Florida,Patrick AFB,"<div class=""section-text""><ul>
<li>3,500 active duty, guard and reservists</li>
  <li>3,100 contractors (includes mission partners)</li>
  <li>9,714 civilians (includes mission partners)</li>
  <li>5,500 dependents</li>
</ul></div> <br/> <div class=""section-text""><p>Cocoa Beach: 11,7500, Satellite Beach: 10,200, Brevard County: 470,240, other major cities in the surrounding area are Melbourne, Palm Bay, Cocoa, Rockledge, Titusville, West Melbourne, Viera, Malabar, Grant, Valkaria, and Port St. John.</p></div>",3500,5500,9714,3100,NA,NA,NA
CONUS,Florida,Tyndall AFB,"<div class=""section-text""><ul>
<li>4,500 active duty</li>
  <li>family members (unknown at this time)</li>
  <li>2,799 civilians</li>
  <li>9,257 retirees</li>
</ul></div> <br/> <div class=""section-text""><p>Panama City metro: 202,236</p></div>",4500,NA,2799,NA,9257,NA,NA
CONUS,Florida,"USAREC, Jacksonville Battalion",<div />,NA,NA,NA,NA,NA,NA,NA
CONUS,Florida,"USAREC, Miami Battalion",<div />,NA,NA,NA,NA,NA,NA,NA
CONUS,Florida,"USAREC, Tampa Battalion",<div />,NA,NA,NA,NA,NA,NA,NA
CONUS,Florida,USSOUTHCOM/U.S. Army Garrison-Miami,"<div class=""section-text"">
<p><font color=""#000000"" size=""2"">SOUTHCOM is a joint command comprised of more than 1,200 military and civilian personnel representing the Army, Navy, Marine Corps, Coast Guard and several other federal agencies.</font></p>
</div>",NA,NA,1200,NA,NA,NA,NA
CONUS,Georgia,Fort Benning,"<div class=""section-text"">
<p>Fort Benning population has the following: 12,816 Military (Permanent Active Duty); 19,912 Military Trainees (weekly average); 26,900 Family Members; and 3,745 Civilian Workers.  Fort Benning is the 6th largest installation and 3rd largest troop density.</p>
</div>",46812,3745,3745,NA,NA,NA,NA
CONUS,Georgia,Fort Gordon,"<div class=""section-text"">
<p>Total population is 109,334. This includes 17,720 Active Duty military; 22,450 Family Members; 10,776 civilians; 13,387 retirees and 45,001 retiree Family Members.</p>
</div>",22450,10776,10776,NA,45001,45001,NA
CONUS,Georgia,Fort Stewart,"<div class=""section-text"">
<p>Fort Stewart and Hunter Army Airfield serve about 21,000 Soldiers, 29,500 Family Members, over 3,500 civilians, and National Guard Soldiers making for a small but active city. There are about 18,200 retirees in a 50-mile radius of the installation.</p>
</div>",21000,29500,3500,NA,18200,NA,NA
CONUS,Georgia,Hunter Army Airfield,"<div class=""section-text""><ul>
<li>Active Duty 5,709</li>
  <li>Active Duty Family Members 5,212</li>
  <li>Retirees 6,004</li>
  <li>Retirees' Family Members 9,177</li>
  <li>Civilian 737</li>
</ul></div> <br/> <div class=""section-text"">
<p>130,331</p>
</div>",5709,14389,737,NA,6004,NA,NA
CONUS,Georgia,Marine Corps Logistics Base - Albany,"<div class=""section-text""><p>Military 329, Civilian 2,901, Military family members 302, Civilian family members 4,638, Retiree 7000.</p></div>",329,4940,7539,NA,7000,NA,NA
CONUS,Georgia,Moody AFB,"<div class=""section-text"">
<ul>
<li>4,499 military </li>
  <li>476 civilian employees</li>
  <li>6,252 family members</li>
</ul>
</div> <br/> <div class=""section-text"">
<p>Valdosta metro: 145,955; Lowndes County: 115,491</p>
</div>",4499,6252,476,NA,NA,NA,NA
CONUS,Georgia,Naval Submarine Base Kings Bay,"<div class=""section-text"">
<p>The Kings Bay community consists of DoD personnel and their families, civilians, contractors, and visitors from NATO countries.</p>
</div>",NA,NA,NA,NA,NA,NA,NA
CONUS,Georgia,Robins AFB,"<div class=""section-text""><p>Robins AFB is the home to about 23,000 civilians, military members and contractors.</p></div>",NA,NA,23000,NA,NA,NA,NA
CONUS,Georgia,US Army Cadet Command 6th Brigade,"<div class=""section-text"">
<p>Hunter Army Airfield has a population of approximately 27,000.</p>
</div>",NA,NA,NA,NA,NA,NA,NA
CONUS,Georgia,"USAREC, Atlanta Battalion",<div />,NA,NA,NA,NA,NA,NA,NA
CONUS,Guam,Joint Region Marianas - Naval Base Guam,"<div class=""section-text"">
<p>12,000 military members and their families.</p>
</div>",12000,NA,NA,NA,NA,NA,NA
CONUS,Idaho,Mountain Home AFB,"<div class=""section-text""><ul>
<li>3,173 Active Duty</li>
  <li>3,900 Dependents (children and spouses)</li>
  <li>10,000+ Retirees</li>
  <li>406 GS Civilians</li>
  <li>176 NAF Civilians</li>
</ul></div> <br/> <div class=""section-text""><p>Idaho: 1,826,156; Boise Metro Area: 730,426   The City of Mountain Home: 14,451.</p></div>",3173,3900,582,NA,10000,NA,NA
CONUS,Illinois,Naval Station Great Lakes,"<div class=""section-text"">
<ul>
<li>4,000 active duty staff personnel and families</li>
  <li>14,000 recruits and students</li>
  <li>3,000 government civilian employees</li>
  <li>2,000 contractors</li>
</ul>
</div> <br/> <div class=""section-text"">
<p>32,897 in North Chicago; 9,524,673 in the Chicago-Naperville-Joliet Metro Area</p>
</div>",4000,NA,3000,2000,NA,NA,NA
CONUS,Illinois,Rock Island Arsenal,"<div class=""section-text"">
<ul>
<li>6,167 total installation</li>
  <li>557 military</li>
  <li>5,606 civilians</li>
</ul>
</div> <br/> <div class=""section-text"">
<p>Davenport-Moline-Rock Island metro: 425,500</p>
</div>",557,NA,5606,NA,NA,NA,NA
CONUS,Illinois,Scott Air Force Base,"<div class=""section-text"">
<p>The Scott community has a total work force of more than 14,800 personnel-including active duty, civilians, Air National Guard and Reserves.</p>
</div>",14800,NA,NA,NA,NA,NA,NA
CONUS,Illinois,US Army Cadet Command 3rd Brigade,"<div class=""section-text"">
<p>Naval Station Great Lakes has a population of approximately 23,000.</p>
</div>",NA,NA,NA,NA,NA,NA,NA
CONUS,Illinois,"USAREC, Chicago Battalion",<div />,NA,NA,NA,NA,NA,NA,NA
CONUS,Indiana,"USAREC, Indianapolis Battalion",<div />,NA,NA,NA,NA,NA,NA,NA
CONUS,Kansas,Fort Leavenworth,"<div class=""section-text""><ul>
<li>3,704 active duty</li>
  <li>1,271 permanent party students</li>
  <li>2,820 APF and NAF civilians</li>
</ul></div> <br/> <div class=""section-text"">
<p>The population of Leavenworth, KS. is 36,154 as of 2016.</p>
</div>",3704,NA,2820,NA,NA,NA,NA
CONUS,Kansas,Fort Riley,"<div class=""section-text"">
<p><strong>Population</strong></p>
</div>",NA,NA,NA,NA,NA,NA,NA
CONUS,Kansas,McConnell AFB,"<div class=""section-text""><p>McConnell has a total workforce of 6,552, 3,250 active duty members, 915 civilians, 1900 Airmen in the 184th Kansas Air National Guard Intelligence Wing and in the 931st Air Refueling Group. The base also serves 3,090 family members and 9,000 retirees.</p></div>",3250,9000,915,NA,9000,NA,NA
CONUS,Kentucky,Fort Campbell,"<div class=""section-text"">
<p>Fort Campbell Population FY19</p>
</div>",NA,NA,NA,NA,NA,NA,NA
CONUS,Kentucky,Fort Knox,"<div class=""section-text"">
<p>Fort Knox has a daytime population of over 23,000 Soldiers, Family Members and civilian employees.</p>
</div>",NA,NA,NA,NA,NA,NA,NA
CONUS,Kentucky,US Army Cadet Command 1st Brigade,"<div class=""section-text"">
<p>As of 2016, Fort Knox has a population of 10,240.</p>
</div>",NA,NA,NA,NA,NA,NA,NA
CONUS,Kentucky,US Army Cadet Command 7th Brigade,"<div class=""section-text"">
<p>As of 2016 Fort Knox has a population of 10,240.</p>
</div>",NA,NA,NA,NA,NA,NA,NA
CONUS,Kentucky,US Army Cadet Command Headquarters,"<div class=""section-text"">
<p>As of 2016 Fort Knox has a population of 10,240.</p>
</div>",NA,NA,NA,NA,NA,NA,NA
CONUS,Kentucky,"USAREC, 3rd Medical Recruiting Battalion",<div />,NA,NA,NA,NA,NA,NA,NA
CONUS,Kentucky,"USAREC, Columbus Battalion",<div />,NA,NA,NA,NA,NA,NA,NA
CONUS,Louisiana,Barksdale Air Force Base,"<div class=""section-text""><ul>
<li>Active Duty and Reservists 6,510</li>
  <li>Family Members: 4,880</li>
  <li>Civilian Employees 2,420</li>
  <li>Retirees 40,000</li>
</ul></div> <br/> <div class=""section-text"">
<p>Bossier City, Louisiana 's estimated population is <strong>68,554</strong> according to the most recent United States census estimates. Bossier City, Louisiana is the 6th largest city in Louisiana based on official 2017 estimates from the US Census Bureau. The population density is 1591.52 people/mi² (614.49 people/km²), with a household density of 254.54 people/km² (659.25 people/mi²).</p>
</div>",6510,4880,2420,NA,40000,NA,6510
CONUS,Louisiana,Fort Polk,"<div class=""section-text""><ul>
<li>Active Duty: 7,815  Army</li>
  <li>Other Military: 193  Air Force/TDY</li>
  <li>Transient and Rotational: 5,770</li>
  <li>Active duty dependents: 12,137</li>
  <li>Civilian employees: 5,703</li>
  <li>Retired military and family: 14,408</li>
  <li>Retired DoD Civilians: 3,291</li>
</ul></div> <br/> <div class=""section-text"">
<p>Vernon Parish: 52,334</p>
</div>",20145,26545,8994,NA,3291,14408,NA
CONUS,Louisiana,Naval Air Station Joint Reserve Base New Orleans,"<div class=""section-text"">
<p>NAS JRB New Orleans community has a population of 9,800 service members and their families from the Navy, Marines, Air Force, Army, Coast Guard, and Louisiana Air National Guard, as well as civilian employees and retirees.</p>
</div>",NA,NA,NA,NA,NA,NA,NA
CONUS,Maine,Portsmouth Naval Shipyard,"<div class=""section-text""><p>Portsmouth Naval Shipyard is home to approximately 1,000 naval officers/enlisted personnel and their family members. The Shipyard supports, on average, four submarine crews and their family members. Two Coast Guard Cutters are also homeported at PNSY. PNSY also provides services to a large retiree population. Portsmouth Naval Shipyard employees approximately 8,000 civilians.</p></div>",NA,NA,8000,NA,NA,NA,NA
CONUS,Maine,"USAREC, New England Battalion",<div />,NA,NA,NA,NA,NA,NA,NA
CONUS,Maryland,Aberdeen Proving Ground,"<div class=""section-text""><ul>
<li>1,032 military</li>
  <li>1,381 family members</li>
  <li>19,518 civilians</li>
  <li>3,231 contractors</li>
  <li>16,000 military retirees and retiree family members</li>
</ul></div> <br/> <div class=""section-text"">
<p>Harford County: 250,025</p>
</div>",17032,1381,19518,3231,NA,16000,NA
CONUS,Maryland,Fort Detrick,"<div class=""section-text""><ul>
<li>1333  military/active duty</li>
  <li>8,466  civilians and contractors</li>
  <li>9,799  grand total for Fort Detrick and Forest Glen Campus</li>
</ul></div> <br/> <div class=""section-text""><p>Each branch of the U.S. military is represented at Fort Detrick totaling 9,799 military, federal employees, and contractors assigned here.</p></div>",9799,NA,NA,NA,NA,NA,NA
CONUS,Maryland,Fort George G. Meade,"<div class=""section-text"">
<p>Every day over 100,000 people seek the services Fort Meade has to offer.</p>
</div>",NA,NA,NA,NA,NA,NA,NA
CONUS,Maryland,Fort George G. Meade - Navy,<div />,NA,NA,NA,NA,NA,NA,NA
CONUS,Maryland,Joint Base Andrews-Naval Air Facility Washington,"<div class=""section-text""><p>Joint Base Andrews Basics<br>First AF Flight: May 2, 1943<br>Total Force Strength: Approximately 14,000<br>Military (Active-duty, Guard, &amp; Reserve): Approximately 12,000<br>Civilians: Approximately 2,300<br>Economic Impact: Approximately $1.2 billion<br>Total Acreage: 6,853</p></div>",NA,NA,2300,NA,NA,NA,NA
CONUS,Maryland,Naval Air Station Patuxent River,"<div class=""section-text"">
<ul>
<li>2,400 active duty personnel </li>
  <li>4,500 family members</li>
  <li>9,800 federal employees</li>
  <li>5,700 defense contractors</li>
  <li>400 non-appropriated-fund employees</li>
</ul>
</div> <br/> <div class=""section-text""><p><span class=""ILfuVd c3biWd""><span class=""e24Kjd""><b>St</b>. <b>Mary's County</b>, <b>Maryland Population 2019</b>. <b>St</b>. <b>Mary's County</b>, <b>Maryland's</b> estimated <b>population</b> is 112,413 with a growth rate of 0.65% in the past year according to the most recent United States census data.</span></span></p></div>",2400,4500,9800,5700,NA,NA,NA
CONUS,Maryland,Naval Support Activity Annapolis  - U.S. Naval Academy,"<div class=""section-text""><ul>
<li>4,400 midshipmen</li>
  <li>580 faculty members (military and civilian)</li>
</ul></div> <br/> <div class=""section-text"">
<p>Annapolis, MD has a population of about 39,000 and around 6 million for the state of Maryland.</p>
</div>",NA,NA,580,NA,NA,NA,NA
CONUS,Maryland,Naval Support Activity Bethesda Home of Walter Reed National Military Medical Center,"<div class=""section-text"">
<p>NSAB has 12,000 active duty and civilian employees.</p>
</div>",12000,NA,12000,NA,NA,NA,NA
CONUS,Maryland,Naval Support Activity South Potomac (NSF Indian Head),"<div class=""section-text""><ul>
<li>
<strong><font color=""#767676"">Indian Head</font></strong>, MD has a <strong><font color=""#767676"">population</font></strong> of 3,879 and is the 7,581st largest city in the United States. The <strong><font color=""#767676"">population</font></strong> density is 3,149 per sq mi which is 564% higher than the Maryland average and 3376% higher than the national average.</li>
</ul></div> <br/> <div class=""section-text""><p><strong><font color=""#767676"">Indian Head</font></strong>, MD has a <strong><font color=""#767676"">population</font></strong> of 3,879 and is the 7,581st largest city in the United States. The <strong><font color=""#767676"">population</font></strong> density is 3,149 per sq mi which is 564% higher than the Maryland average and 3376% higher than the national average.</p></div>",NA,NA,NA,NA,NA,NA,NA
CONUS,Maryland,"USAREC, 1st Medical Recruiting Battalion",<div />,NA,NA,NA,NA,NA,NA,NA
CONUS,Maryland,"USAREC, Baltimore Battalion",<div />,NA,NA,NA,NA,NA,NA,NA
CONUS,Massachusetts,Hanscom AFB,"<div class=""section-text"">
<p>Hanscom serves 125,000 people in a seven state region with over 300 GSU's.</p>
</div>",NA,NA,NA,NA,NA,NA,NA
CONUS,Massachusetts,Natick Soldier Systems Center (NSSC),"<div class=""section-text""><p>Natick Soldier Systems Center employs approximately 120 active duty, 1,500 federal civil servants, and 250 civilian contractors.</p></div>",120,NA,1750,250,NA,NA,NA
CONUS,Massachusetts,Westover ARB,"<div class=""section-text""><p>439<sup><font size=""2"">th</font></sup> Airlift Wing has 2,200 military members assigned and 650 civilians employed; in addition, Westover ARB is host to multiple tenant military and civilian organizations, adding an additional 1,680 personnel increasing the grand total to 4,500 people working at Westover Air Reserve Base.</p></div>",650,NA,650,NA,NA,NA,NA
CONUS,Michigan,Hart-Dole-Inouye Federal Center,"<div class=""section-text"">
<p>The Hart-Dole-Inouye Federal Center (HDIFC) serves over 1,900 DoD civilian and military personnel: Defense Logistics Agency (DLA)-1738; Department of Homeland Security (DHS)-128; Department of Labor (DOL)-1; Army-4, General Services Agency (GSA)-67. Also, there are numerous contractors located in the HDIFC.  </p>
</div>",1900,NA,1900,NA,NA,NA,NA
CONUS,Michigan,USAG Detroit Arsenal,"<div class=""section-text""><ul>
<li>245 military</li>
  <li>8,403 civilians</li>
</ul></div> <br/> <div class=""section-text"">
<p>Warren's population is 135,125 ; Macomb County's population is <span class=""ILfuVd"">871,375.</span></p>
</div>",245,NA,8403,NA,NA,NA,NA
CONUS,Michigan,"USAREC, Great Lakes Battalion",<div />,NA,NA,NA,NA,NA,NA,NA
CONUS,Minnesota,"USAREC, Minneapolis Battalion",<div />,NA,NA,NA,NA,NA,NA,NA
CONUS,Mississippi,Columbus AFB,"<div class=""section-text""><p>Columbus AFB currently has a Total Force Strength of 2,697 personnel comprised of 1,201 civilian and 1,496 active/reserve military members (Jan 2020).</p></div>",2020,NA,1496,NA,NA,NA,2020
CONUS,Mississippi,Keesler AFB,"<div class=""section-text""><ul>
<li>Active Duty 7090</li>
  <li>Civil Service 3724</li>
  <li>Retirees 114,094</li>
  <li>Contractors 1,700 </li>
  <li>Family Members 3961</li>
</ul></div> <br/> <div class=""section-text"">
<p>Biloxi - 45,968</p>
</div>",7090,3961,3724,1700,114094,NA,NA
CONUS,Mississippi,Naval Air Station Meridian,"<div class=""section-text""><p>The total population served is approximately 3,000. There are eight Major Commands, as well as the Naval Operational Support Center (NOSC), and Regional Counterdrug Training Academy (RCTA).</p></div>",NA,NA,NA,NA,NA,NA,NA
CONUS,Mississippi,Naval Construction Battalion Center Gulfport,"<div class=""section-text"">
<ul>
<li>4,451 active duty personnel and their families</li>
  <li>6,400 retirees and their families</li>
  <li>780 DoD Civilians</li>
</ul>
</div> <br/> <div class=""section-text"">
<p>Local area population is 231,523 in the Gulfport-Biloxi Metro Area  Gulfport, Mississippi's estimated population is 71,822 according to the most recent United States census estimates. Gulfport, Mississippi is the 2nd largest city in Mississippi based on official 2017 estimates from the US Census Bureau.</p>
</div>",4451,NA,780,NA,6400,NA,NA
CONUS,Mississippi,Stennis Space Center,"<div class=""section-text""><p>Special Boat Team 22, Naval Small Craft Instruction and Technical Training School, as well as other Navy tenants including Naval Meteorology &amp; Oceanography Command, Naval Oceanographic Office and U.S. Naval Research Lab, the Navy's corporate laboratory. SSC is also home to more than 30 resident agencies, which includes federal, state, academic and private organizations and numerous technology-based companies.</p></div>",NA,NA,NA,NA,NA,NA,NA
CONUS,Missouri,Fort Leonard Wood,"<div class=""section-text""><ul>
<li>6,946 active duty</li>
  <li>12,183 family members</li>
  <li>3,825 DOA civilians</li>
  <li>5,702 other civilians</li>
  <li>12,322 in training</li>
  <li>55,170 Retirees/Family members </li>
</ul></div> <br/> <div class=""section-text"">
<p>Pulaski County: 52,274</p>
</div>",6946,12183,9527,NA,NA,55170,NA
CONUS,Missouri,"USAREC, Kansas City Battalion",<div />,NA,NA,NA,NA,NA,NA,NA
CONUS,Missouri,Whiteman AFB,"<div class=""section-text"">
<p><strong>Whiteman estimated population:</strong></p>
</div>",NA,NA,NA,NA,NA,NA,NA
CONUS,Montana,Malmstrom Air Force Base,"<div class=""section-text"">
<p>3,146 active duty; 3,137 family members; 619 AF civilian employees; 800 contractors.</p>
</div>",3146,619,800,619,NA,NA,NA
CONUS,Nebraska,Offutt AFB,"<div class=""section-text""><ul>
<li>Military - 8,319</li>
  <li>Dependents - 6,404</li>
  <li>DoD Civilians - 2,645</li>
  <li>Other Civilians - 1,196</li>
</ul></div> <br/> <div class=""section-text""><p>Omaha metro: 960,709; Bellevue: 53,627, Greater Bellevue Area: 82,000</p></div>",8319,6404,3841,NA,NA,NA,NA
CONUS,Nevada,Creech AFB,"<div class=""section-text"">
<p>There are approximately 3,000 military who work at Creech. Creech is supported by Nellis AFB, which is located approximately 50 minutes away, in the northeast corner of the Las Vegas valley.</p>
</div>",3000,NA,NA,NA,NA,NA,NA
CONUS,Nevada,Naval Air Station Fallon,"<div class=""section-text""><p>Over 3,000 active duty personnel, civilian employees and DoD contractors enjoy a high quality of life that is enhanced by the numerous facilities on base and by those within the surrounding areas.</p></div>",3000,NA,NA,NA,NA,NA,NA
CONUS,Nevada,Nellis AFB,"<div class=""section-text""><p>There are approximately 10,222 military and 3,187 civilians who work at Nellis. In addition, 11,589 family members are stationed here. On average there are over 1,200 temporary duty (TDY) personnel each day at Nellis, and over 8,000 official visitors annually.</p></div>",3187,11589,3187,NA,NA,NA,NA
CONUS,Nevada,"USAREC, 6th Medical Recruiting Battalion",<div />,NA,NA,NA,NA,NA,NA,NA
CONUS,New Jersey,Joint Base McGuire-Dix-Lakehurst,"<div class=""section-text"">
<p><strong> </strong></p>
</div>",NA,NA,NA,NA,NA,NA,NA
CONUS,New Jersey,Naval Weapons Station Earle,"<div class=""section-text"">
<p>Naval Weapons Station Earle servers over 2,000 military DoD civilians and families.</p>
</div>",2000,NA,2000,NA,NA,NA,NA
CONUS,New Jersey,Picatinny Arsenal,"<div class=""section-text"">
<ul>
<li>100 military</li>
  <li>254 family members</li>
  <li>6,000 civilian employees</li>
</ul>
</div> <br/> <div class=""section-text"">
<p>Morris County: 499,397</p>
</div>",100,254,6000,NA,NA,NA,NA
CONUS,New Jersey,US Army Cadet Command 2nd Brigade,"<div class=""section-text""><p>Fort Dix has a population of approximately 7,716.</p></div>",NA,NA,NA,NA,NA,NA,NA
CONUS,New Jersey,"USAREC, Mid-Atlantic Battalion",<div />,NA,NA,NA,NA,NA,NA,NA
CONUS,New Mexico,Cannon AFB,"<div class=""section-text""><ul>
<li>Active Duty: 4,719</li>
  <li>Family Members: 5,481</li>
  <li>Civilian: 620 (GS - 414/NAF - 206)</li>
  <li>Retirees: 5,980</li>
</ul></div> <br/> <div class=""section-text""><p>Clovis:37,775; Portales: 12,280</p></div>",4719,5481,620,NA,5980,NA,NA
CONUS,New Mexico,Holloman AFB,"<div class=""section-text""><p>Alamogordo's population is approximately 45,000 and ranked one of the best places to live.</p></div>",NA,NA,NA,NA,NA,NA,NA
CONUS,New Mexico,Kirtland Air Force Base,"<div class=""section-text"">
<p><span lang=""EN"" style='color: rgb(51, 51, 51); font-family: ""Arial"",sans-serif; font-size: 10pt; mso-ansi-language: EN;'>Population of Albuquerque, July 2018: 560, 218 people <span lang=""EN"" style='color: rgb(51, 51, 51); font-family: ""Arial"",sans-serif; font-size: 10pt; mso-ansi-language: EN;'> </span></span></p>
</div>",NA,NA,NA,NA,NA,NA,NA
CONUS,New Mexico,U.S. Army Garrison White Sands Missile Range,"<div class=""section-text"">
<p>Welcome to White Sands Missile Range (WSMR). Whether you are coming for a duty assignment or job, as a test customer or as a visitor, we hope you find your stay with us both worthwhile and enjoyable.</p>
</div>",NA,NA,NA,NA,NA,NA,NA
CONUS,New York,Fort Drum,"<div class=""section-text""><ul>
<li>13,859 Active duty</li>
  <li>18,613 Family members</li>
  <li>4,641 Civilians</li>
</ul></div> <br/> <div class=""section-text""><p>Watertown, NY: 26,118; Jefferson County: 110,059</p></div>",13859,18613,4641,NA,NA,NA,NA
CONUS,New York,Fort Hamilton,"<div class=""section-text"">
<p>Fort Hamilton is a combined community comprised of active duty Army, Navy, Air Force, Marines, Coast Guard, National Guard, Reserve Components.</p>
</div>",NA,NA,NA,NA,NA,NA,NA
CONUS,New York,Naval Support Activity Saratoga Springs,"<div class=""section-text"">
<p>NSA Saratoga Springs serves an active duty population of approximately 3,000.</p>
</div>",3000,NA,NA,NA,NA,NA,NA
CONUS,New York,"USAREC, Albany Battalion",<div />,NA,NA,NA,NA,NA,NA,NA
CONUS,New York,"USAREC, New York City Battalion",<div />,NA,NA,NA,NA,NA,NA,NA
CONUS,New York,"USAREC, Syracuse Battalion",<div />,NA,NA,NA,NA,NA,NA,NA
CONUS,New York,United States Military Academy at West Point,"<div class=""section-text"">
<p>The West Point student body numbers approximately 4,300. In addition to the Corps of Cadets, West Point is home to approximately 1,200 active duty soldiers and approximately 3,000 family members. Supporting the mission of the Academy is a civilian workforce of approximately 5,000 personnel.</p>
</div>",3000,3000,5000,NA,NA,NA,NA
CONUS,North Carolina,Camp Lejeune,"<div class=""section-text"">
<ul>
<li>Active Duty 37,350</li>
  <li>Family Members 38,769</li>
  <li>Civilian 5,737</li>
  <li>Retirees and Family Members 18,719</li>
</ul>
<p>Housing values have changed to an average of $154,900</p>
</div>",37350,57488,5737,NA,NA,18719,NA
CONUS,North Carolina,Fort Bragg,"<div class=""section-text""><ul>
<li>52,280 active duty Soldiers</li>
  <li>12,624 Reserve Components and Temporary Duty students</li>
  <li>8,757 civilian employees</li>
  <li>3,516  Contractors</li>
  <li>62,962 active duty family members</li>
  <li>98,507 Army retirees and family members in the area</li>
</ul></div> <br/> <div class=""section-text"">
<p>Fayetteville Metro Area: 200,564</p>
</div>",52280,62962,8757,NA,98507,NA,12624
CONUS,North Carolina,MCAS Cherry Point,"<div class=""section-text""><ul>
<li>9,033 Active Duty personnel</li>
  <li>26,374 Family Members</li>
  <li>5,164 Civilian Employees</li>
  <li>12,810 Retirees</li>
</ul></div> <br/> <div class=""section-text""><p>Havelock 22,500 according to documentation provided by the City of Havelock.</p></div>",9033,26374,5164,NA,12810,NA,NA
CONUS,North Carolina,MCAS New River,"<div class=""section-text"">
<p>196,830 in the nearby community of Jacksonville, NC.</p>
</div>",NA,NA,NA,NA,NA,NA,NA
CONUS,North Carolina,Pope Army Airfield,"<div class=""section-text""><ul>
<li>2,500 active duty/full-time reservist/civilians (approximately)</li>
  <li>4,235 family members</li>
  <li>945 civilians</li>
</ul></div> <br/> <div class=""section-text""><p>Fayetteville metro: 398,940</p></div>",2500,4235,945,NA,NA,NA,2500
CONUS,North Carolina,Seymour Johnson AFB,"<div class=""section-text"">
<ul>
<li>4,600 active duty</li>
  <li>6,000 family members</li>
  <li>1,000 civilians</li>
  <li>882 reservists</li>
</ul>
</div> <br/> <div class=""section-text"">
<p>Goldsboro: 37,639</p>
</div>",4600,6000,1000,NA,NA,NA,882
CONUS,North Carolina,US Army Cadet Command 4th Brigade,"<div class=""section-text"">
<p>As of the last Census (2010), Fort Bragg North Carolina had a population of 39,457.</p>
</div>",NA,NA,NA,NA,NA,NA,NA
CONUS,North Carolina,"USAREC, Raleigh Battalion",<div />,NA,NA,NA,NA,NA,NA,NA
CONUS,North Dakota,Grand Forks AFB,"<div class=""section-text"">
<p> Grand Forks Air Force Base provides base operating and direct operational support to wing personnel and tenant units. Grand Forks Air Force Base also provide logistics, medical, civil engineer, contracting, communications, security and force support functions, and maintain facilities and equipment in support of Air Expeditionary Force and combatant commander requirements. Additionally we provide facilities and equipment support for the base's hosted units including the following;</p>
</div>",NA,NA,NA,NA,NA,NA,NA
CONUS,North Dakota,Minot AFB,"<div class=""section-text"">
<p>Minot Air Force Base</p>
</div>",NA,NA,NA,NA,NA,NA,NA
CONUS,Ohio,Defense Supply Center Columbus,"<div class=""section-text""><p>The DSCC population is 7,446, military, civilians and contractors (2019).</p></div>",NA,NA,NA,NA,NA,NA,NA
CONUS,Ohio,"USAREC, Cleveland Battalion","<div class=""section-text""><p>The <a href=""http://www.usarec.army.mil/3rdbde/5cbn"">Cleveland Battalion</a> area consists of 25,055.8 square miles and 54+ counties of a combination of Urban, Suburban and Rural areas. The battalion is currently comprised of 7 recruiting companies. The battalion headquarters is located in Downtown Cleveland. The telephone number is 216-482-3555.</p></div>",NA,NA,NA,NA,NA,NA,NA
CONUS,Ohio,"USAREC, Columbus Battalion",<div />,NA,NA,NA,NA,NA,NA,NA
CONUS,Ohio,Wright-Patterson AFB,"<div class=""section-text"">
<p>The base has a workforce numbering approximately 30,000 people; 7000 active duty and nearly 13,000 civilians. 90,000 retirees within a 100 mile radius also use the services offered by WPAFB.</p>
</div>",13000,NA,13000,NA,100,NA,NA
CONUS,Oklahoma,Altus AFB,"<div class=""section-text""><p>Approximately 5,000 military members, family members, civilian members and retirees.</p></div>",5000,NA,NA,NA,NA,NA,NA
CONUS,Oklahoma,Fort Sill,"<div class=""section-text"">
<p>Fort Sill is a large installation. The total population in Fort Sill is about 53,000 including, 20,000 military and civilian personnel, and 33,000 military family members. There is a robust retiree community that is supported by Fort Sill.</p>
</div>",NA,33000,20000,NA,NA,NA,NA
CONUS,Oklahoma,McAlester Army Ammunition Plant,"<div class=""section-text""><p>McAlester Army Ammunition Plant currently has 1865 civilian personnel, 4 military personnel, area veterans, Army Reserve and National Guard.</p></div>",NA,NA,1865,NA,NA,NA,NA
CONUS,Oklahoma,Tinker AFB,"<div class=""section-text""><p>Oklahoma City Metro: 1,373,211</p></div>",NA,NA,NA,NA,NA,NA,NA
CONUS,Oklahoma,"USAREC, Oklahoma City Battalion",<div />,NA,NA,NA,NA,NA,NA,NA
CONUS,Oklahoma,Vance AFB,"<div class=""section-text""><p>Vance has about 1,200 active duty and Reserve military, as well as more than 1,100 family members living in the local area. The base also employs almost 1,300 Federal civilian employees, non-appropriated fund civilian employees, contractors and private business employees. There are an estimated 2,200 retired military members in the local area.</p></div>",1200,1100,1300,NA,2200,NA,1200
CONUS,Oregon,"USAREC, Portland Battalion",<div />,NA,NA,NA,NA,NA,NA,NA
CONUS,Pennsylvania,Carlisle Barracks,"<div class=""section-text""><ul>
<li>667 Active Duty</li>
  <li>1,693 Family members</li>
  <li>1,299 Civilians</li>
  <li>51,357 Military Retirees</li>
  <li>53,039 Military Retired Family Members</li>
</ul></div> <br/> <div class=""section-text"">
<p>Harrisburg-Carlisle Metro Area's population is 528,892.</p>
</div>",105063,1693,1299,NA,51357,53039,NA
CONUS,Pennsylvania,Defense Logistics Agency at Susquehanna,"<div class=""section-text"">
<p>Population assigned or attached to DDC include:</p>
</div>",NA,NA,NA,NA,NA,NA,NA
CONUS,Pennsylvania,Tobyhanna Army Depot,"<div class=""section-text""><ul>
<li>29 military</li>
  <li>2,877 civilians (including NAF)</li>
  <li>966 contractors and tenants</li>
  <li>7,800 National Guard and Reserve and their families</li>
</ul></div> <br/> <div class=""section-text"">
<p>Monroe County: 168.046</p>
</div>",NA,NA,2877,966,NA,NA,7800
CONUS,Pennsylvania,"USAREC, Harrisburg Battalion",<div />,NA,NA,NA,NA,NA,NA,NA
CONUS,Rhode Island,Naval Station Newport,"<div class=""section-text"">
<ul>
<li>Officers: 486</li>
  <li>Enlisted: 685</li>
  <li>Reservists: 1,030</li>
  <li>Civilians: 4,040</li>
  <li>Contractors: 2,798</li>
  <li>Student Average On Board: 2,068</li>
  <li>Student Annual Throughput: 17,000</li>
</ul>
<p>There are 486 Officers, 685 Enlisted, 1,030 Reservists, 4,044 Civilians and 2,798 Contractors working at Newport. Average onboard students are 2,068, with an annual throughput of 17,000. Total personnel is 11,111.</p>
</div>",NA,NA,6838,2798,NA,NA,1030
CONUS,South Carolina,Fort Jackson,"<div class=""section-text""><ul>
<li>3,500 Permanent Party Soldiers and their 12,000 Family Members </li>
  <li>48,000 Initial Entry Training Soldiers</li>
  <li>12,000 Advanced Individual Training Soldiers</li>
  <li>3,500 Civilians Employees </li>
  <li>10,000 Students attending courses annually </li>
  <li>46,000 Retirees and Family Members</li>
</ul></div> <br/> <div class=""section-text""><p><span><span data-bm=""114"">Columbia is the capital and second largest city of the U.S. state of South Carolina, with a population estimate of 133,451 as of 2018. The city serves as the county seat of Richland County, and a portion of the city extends into neighboring Lexington County.  It is the center of the Columbia metropolitan statistical area, which had a population of 767,598 as of the 2010 United States Census, growing to 832,666 by July 1, 2018, according to 2018 U.S. Census estimates.  The name Columbia is a poetic term used for the United States, originating from the name of Christopher Columbus.  The city is located approximately 13 miles (21 km) northwest of the geographic center of South Carolina, and is the primary city of the Midlands region of the state.  It lies at the confluence of the Saluda River and the Broad River, which merge at Columbia to form the Congaree River.  Columbia is home to the University of South Carolina, the state's flagship university and the largest in the state, and is also the site of Fort Jackson, the largest United States Army installation for Basic Combat Training.  Columbia is also located 20 miles west of the site of McEntire Joint National Guard Base, which is operated by the U.S. Air National Guard.  Columbia is also the location of the South Carolina State House, which is the center of government for the state.  In 1860, the city was the location of the South Carolina Secession Convention, which marked the departure of the first state from the Union in the events leading up to the Civil War.</span></span></p></div>",63500,12000,3500,NA,46000,NA,NA
CONUS,South Carolina,Joint Base Charleston,"<div class=""section-text"">
<p>Est. Population:</p>
</div>",NA,NA,NA,NA,NA,NA,NA
CONUS,South Carolina,Joint Base Charleston ,"<div class=""section-text"">
<p>Est. Population:</p>
</div>",NA,NA,NA,NA,NA,NA,NA
CONUS,South Carolina,MCAS Beaufort,"<div class=""section-text"">
<p>Beaufort 13,357</p>
</div>",NA,NA,NA,NA,NA,NA,NA
CONUS,South Carolina,MCRD Parris Island,"<div class=""section-text"">
<p>Beaufort 13,357</p>
</div>",NA,NA,NA,NA,NA,NA,NA
CONUS,South Carolina,Shaw Air Force Base,"<div class=""section-text""><ul>
<li>7,140 active duty</li>
  <li>14,000 family members</li>
  <li>730 civilians</li>
</ul></div> <br/> <div class=""section-text"">
<p>Sumter Metro:107,456; Columbia: 99,353</p>
</div>",7140,14000,730,NA,NA,NA,NA
CONUS,South Carolina,"USAREC, Columbia Recruiting Battalion",<div />,NA,NA,NA,NA,NA,NA,NA
CONUS,South Dakota,Ellsworth Air Force Base,"<div class=""section-text""><ul>
<li>Active Duty 3,000</li>
  <li>Family Members 1,700</li>
  <li>Retirees 3,800</li>
  <li>Civilians 500</li>
</ul></div> <br/> <div class=""section-text"">
<p>Ellsworth's two sister cities are Box Elder, whose population is close to 9,400, and Rapid City, whose population is over 74,000.</p>
</div>",3000,1700,500,NA,3800,NA,NA
CONUS,Tennessee,Arnold AFB,"<div class=""section-text""><p>Arnold AFB employs approximately 43 active duty, 320 federal civil servants, 55 NAF personnel and 1,700 civilian contractors.  At peak levels, Arnold AFB employs as many as 2,600 personnel.</p></div>",NA,NA,2020,1700,NA,NA,NA
CONUS,Tennessee,Naval Support Activity Mid-South,"<div class=""section-text"">
<p>NSA Mid-South has about 7,500 enlisted and officer personnel, civilians, and full-time contract personnel. </p>
</div>",NA,NA,NA,NA,NA,NA,NA
CONUS,Tennessee,"USAREC, Nashville Battalion",<div />,NA,NA,NA,NA,NA,NA,NA
CONUS,Texas,Dyess AFB,"<div class=""section-text""><ul>
<li>Active Duty - 4,369</li>
  <li>Civilian Employees - 715</li>
  <li>Dependents - 5,101</li>
  <li>Retirees - 3,579</li>
</ul></div> <br/> <div class=""section-text""><p>(2018) City of Abilene population is 122,999, and Taylor County population is 137,640.</p></div>",4369,5101,715,NA,3579,NA,NA
CONUS,Texas,Fort Bliss,"<div class=""section-text""><ul>
<li>35,240 Total Military</li>
  <li>37,373 Family Members</li>
  <li>12,096 Civilians</li>
  <li>32,984 Retirees</li>
  <li>39,018 Family Members Retirees</li>
  <li>8,448 Survivors of Retirees</li>
  <li>678 Survivors of Active Duty</li>
  <li>Total Population Supported 165,867</li>
</ul></div> <br/> <div class=""section-text""><p>El Paso: 840,758</p></div>",35918,76391,12096,NA,41432,39018,NA
CONUS,Texas,Fort Hood,"<div class=""section-text""><ul>
<li>39,865 active duty military</li>
  <li>386,193 retirees, survivors and family members</li>
  <li>12,895 civilians and contractors</li>
</ul></div> <br/> <div class=""section-text""><p>Killeen-Temple-Fort Hood Metro Area: 477,686 on average</p></div>",39865,NA,12895,12895,386193,NA,NA
CONUS,Texas,Goodfellow AFB,"<div class=""section-text"">
<p>Goodfellow AFB is a joint service base that trains over 13,000 students a year from all services. At any given time, we have over 5,100 Military, civilians, students, and contractors on the installation.</p>
</div>",5100,NA,NA,NA,NA,NA,NA
CONUS,Texas,Joint Base San Antonio (Lackland Randolph Sam Houston),"<div class=""section-text"">
<ul>
<li>
<strong>Fort Sam Houston Population: </strong>Total Force at: 161,971</li>
  <li>
<strong>Lackland AFB Population: </strong>Total Force: 117,994</li>
  <li>
<strong>Randolph AFB Population: </strong>Total Force: 15,942</li>
  <li>
<strong>Area Population: </strong>San Antonio: 1,990,675</li>
</ul>
</div> <br/> <div class=""section-text""><p>453,256 personnel</p></div>",NA,NA,NA,NA,NA,NA,NA
CONUS,Texas,"Joint Base San Antonio (Lackland, Randolph, Sam Houston)","<div class=""section-text"">
<ul>
<li>
<strong>Fort Sam Houston Population: </strong>Total Force at: 161,971</li>
  <li>
<strong>Lackland AFB Population: </strong>Total Force: 117,994</li>
  <li>
<strong>Randolph AFB Population: </strong>Total Force: 15,942</li>
  <li>
<strong>Area Population: </strong>San Antonio: 1,990,675</li>
</ul>
</div> <br/> <div class=""section-text""><p>453,256 personnel</p></div>",NA,NA,NA,NA,NA,NA,NA
CONUS,Texas,Laughlin AFB,<div />,NA,NA,NA,NA,NA,NA,NA
CONUS,Texas,Naval Air Station Corpus Christi,"<div class=""section-text""><ul>
<li>Active Duty 2,836</li>
  <li>Family Members 7,090</li>
  <li>Retirees and Family 28,810</li>
  <li>National Guard &amp; Reserve, Family 4,148</li>
  <li>Civilian Employees 4,402</li>
</ul></div> <br/> <div class=""section-text"">
<p>The Census Bureau Estimates Corpus Christi has a population today of 316,000, although the metropolitan area has a population of 442,600. The larger Corpus Christi-Kingsville-Alice Combined Statistical Area (CSA) has about 517,000 residents. The Sparkling City by the Sea has about 1,900 people per square mile (734/square kilometer).</p>
</div>",2836,40048,4402,NA,NA,28810,NA
CONUS,Texas,Naval Air Station Joint Reserve Base Fort Worth,"<div class=""section-text"">
<p><span style=""font-weight: bold;"">Military personnel assigned:</span></p>
</div>",NA,NA,NA,NA,NA,NA,NA
CONUS,Texas,Naval Air Station Kingsville,"<div class=""section-text""><ul>
<li>486 military members, including 153 student aviators</li>
  <li>115 civilians - appropriated funding</li>
  <li>91 civilians - non-appropriated funding</li>
  <li>3 contractors</li>
</ul></div> <br/> <div class=""section-text"">
<p>Population in 2014: 26,529 (98% urban, 2% rural).</p>
</div>",486,NA,115,NA,NA,NA,NA
CONUS,Texas,Red River Army Depot,"<div class=""section-text"">
<ul>
<li>2,500 Guard and reserve</li>
  <li>more than 5,000 civilians</li>
  <li>more than 9,000 family members</li>
  <li>8,500retirees</li>
</ul>
<p><strong>Area Population:</strong> The City of Texarkana is located both in Texas and Arkansas. The population for the entire city, including both states, is approximately around 135,000. The local Chamber of Commerce has a webpage that is very beneficial to newcomers.</p>
</div>",NA,9000,5000,NA,NA,NA,2500
CONUS,Texas,Sheppard AFB,"<div class=""section-text"">
<p>Over 60,000 airmen and personnel from other military branches are trained at Sheppard AFB each year. Over 20,000 permanent party, airmen in training, and support personnel are on Sheppard AFB during a normal duty day.</p>
</div>",NA,NA,NA,NA,NA,NA,NA
CONUS,Texas,US Army Cadet Command 5th Brigade,"<div class=""section-text"">
<p>Fort Sam Houston has a population of approximately 7,654.</p>
</div>",NA,NA,NA,NA,NA,NA,NA
CONUS,Texas,"USAREC, 5th Medical Recruiting Battalion",<div />,NA,NA,NA,NA,NA,NA,NA
CONUS,Texas,"USAREC, Dallas Battalion",<div />,NA,NA,NA,NA,NA,NA,NA
CONUS,Texas,"USAREC, Houston Battalion",<div />,NA,NA,NA,NA,NA,NA,NA
CONUS,Texas,"USAREC, San Antonio Battalion",<div />,NA,NA,NA,NA,NA,NA,NA
CONUS,Utah,Dugway Proving Ground,"<div class=""section-text"">
<ul>
<li>1,500 enlisted and civilian personnel</li>
</ul>
</div> <br/> <div class=""section-text"">
<p>Tooele: 33,762</p>
</div>",NA,NA,1500,NA,NA,NA,NA
CONUS,Utah,Hill AFB,"<div class=""section-text"">
<p>(2017-2018): Davis County: 347,637; Weber County: 251,769</p>
</div>",NA,NA,NA,NA,NA,NA,NA
CONUS,Utah,"USAREC, Salt Lake City Battalion",<div />,NA,NA,NA,NA,NA,NA,NA
CONUS,Virginia,DLA McNamara HQC,"<div class=""section-text""><p>Department of Defense civilians, military, and contractors are located at the DLA McNamara HQC. Military members represent the Air force, Army, Marines, and Navy.  Also located within the complex are DLA Energy, the Defense Technical Information Center, Defense Contract Audit Agency, and the Defense Threat Reduction Agency.</p></div>",NA,NA,NA,NA,NA,NA,NA
CONUS,Virginia,Defense Supply Center Richmond,"<div class=""section-text"">
<p>The center and its tenant organizations employ 2,400 civilian employees, 400 contract workers, and 45 military service members whose mission is to support the needs of the military services worldwide.</p>
</div>",NA,NA,2400,400,NA,NA,NA
CONUS,Virginia,Fort Belvoir,"<div class=""section-text"">
<ul>
<li>2,529 active duty</li>
  <li>76 reservists</li>
  <li>6,732 civilians </li>
</ul>
<p><br>In addition to U.S. Army forces, the U. S. Navy construction battalion, a Marine Corps detachment, one U. S. Air Force unit, and an agency of the Department of Treasury are also located at Fort Belvoir.</p>
</div>",2529,NA,6732,NA,NA,NA,NA
CONUS,Virginia,Fort Lee,"<div class=""section-text""><ul>
<li>
    <div>17,700 Active Duty</div>
</li>
  <li>
    <div>1,100 Reserve</div>
</li>
  <li>
    <div>11,400 Dependents</div>
</li>
  <li>
    <div>7,380 Civilians/Contractors</div>
</li>
  <li>
    <div>53,600 Retiree/Dependents</div>
</li>
  <li>
    <div>75,000 Students/Trainees  </div>
</li>
</ul></div> <br/> <div class=""section-text"">
<p>Petersburg: 33,972</p>
</div>",17700,11400,7380,7380,NA,53600,1100
CONUS,Virginia,Fort Myer (Joint Base Myer - Henderson Hall),"<div class=""section-text"">
<ul>
<li>9,800 active duty</li>
  <li>3,500 family members</li>
  <li>1,000 civilians</li>
</ul>
</div> <br/> <div class=""section-text"">
<p>The population for Arlington is 213,300.  The Greater Washington area population is 5.6 million.</p>
</div>",9800,3500,1000,NA,NA,NA,NA
CONUS,Virginia,Henderson Hall (Joint Base Myer - Henderson Hall),"<div class=""section-text""><p>1,700 Marines, 1,200 civilians, and 2,800 family members.</p></div>",NA,2800,1200,NA,NA,NA,NA
CONUS,Virginia,Joint Base Langley-Eustis,"<div class=""section-text"">
<p>JBLE serves the greater Hampton Roads area with over 145,000 active duty, guard and reserve, family members, civilians, contractors, and retirees, including primary support to the following:</p>
</div>",145000,NA,NA,NA,NA,NA,NA
CONUS,Virginia,Joint Expeditionary Base Little Creek-Fort Story,"<div class=""section-text"">
<p><em>JEB Little Creek</em></p>
</div>",NA,NA,NA,NA,NA,NA,NA
CONUS,Virginia,MCCS Hampton Roads,"<div class=""section-text""><p>Camp Elmore employs approximately 300 active duty, 120 civilian Marines and a number of civilian contractors. While MCCS Hampton Roads serves as the hub for Marines in the area, almost seventy five percent of the Marines stationed in the area are 21 miles or more from Norfolk.  As a regional program, MCCS travels to support all of our Marines, Sailors, and their families. </p></div>",300,NA,120,NA,NA,NA,NA
CONUS,Virginia,Marine Corps Base Quantico,"<div class=""section-text"">
<p align=""LEFT""><b><font size=""2"">QUANTICO WORKFORCE POPULATION </font></b></p>
</div>",NA,NA,NA,NA,NA,NA,NA
CONUS,Virginia,Naval Air Station Oceana,"<div class=""section-text""><ul>
<li>10,500 military</li>
  <li>10,000 family members</li>
  <li>4,500 civilian employees</li>
</ul></div> <br/> <div class=""section-text"">
<p>Virginia Beach Population:  450,000</p>
</div>",10500,10000,4500,NA,NA,NA,NA
CONUS,Virginia,Naval Air Station Oceana Dam Neck Annex,"<div class=""section-text"">
<p>Approximately 5,600 instructors, students, and support personnel.</p>
</div>",NA,NA,NA,NA,NA,NA,NA
CONUS,Virginia,Naval Station Norfolk,"<div class=""section-text"">
<p>The region has over 1.6 million people and serves a very large community of active duty, retirees, family members and dependents, Reservists, DoD civilians and Joint Forces.</p>
</div>",NA,NA,NA,NA,NA,NA,NA
CONUS,Virginia,Naval Support Activity Hampton Roads Northwest Annex,"<div class=""section-text""><ul>
<li>793 Active Duty Military</li>
  <li>436 Family Members</li>
  <li>316 Civilian Employees</li>
</ul></div> <br/> <div class=""section-text"">
<p>242,958 in Chesapeake, VA. Chesapeake was ranked one of the Best Places to Live in by Money Magazine, Best City for Families in 2010 &amp; 2011 by Parenting Magazine, consistently ranked by the FBI as one of safest U.S. cities, and ranked in the Top 100 Cities.</p>
</div>",793,436,316,NA,NA,NA,NA
CONUS,Virginia,Naval Support Activity South Potomac (NSF Dahlgren),"<div class=""section-text"">
<h2>Welcome to Naval Support Activity South Potomac</h2>
<p>Naval Support Activity South Potomac (NSASP) is a major shore command within Naval District Washington, and serves as the host command for two historic naval installations in the region: Naval Support Facility (NSF) Dahlgren, Va. and Naval Support Facility Indian Head, Md. As the host command, we provide base operations support for about two dozen commands and tenant activities, a workforce approaching 10,000, and over 900 base residents between both installations.<br><br>Together, Dahlgren and Indian Head represent dynamic and growing naval installations that employ some of the largest concentrations of scientists and engineers in the greater Washington, D.C. area that conduct leading-edge research and development, and provide critical operational support to U.S. armed forces.</p>
</div>",NA,NA,NA,NA,NA,NA,NA
CONUS,Virginia,Naval Weapons Station Yorktown,"<div class=""section-text"">
<p>Military bases in close proximity to the Weapons station are Joint Bases Langley-Eustis, Naval Station Norfolk, Joint Expeditionary Base Little Creek-Fort Story, Naval Air Station Oceana, Norfolk Naval Shipyard and Portsmouth Naval Hospital. Together, they support approximately 87,787 joint force military personnel with additional 111,328 family members, over 58,525 retirees and 46,695 DoD personnel and civilian employees.</p>
</div>",111328,111328,46695,NA,46695,NA,NA
CONUS,Virginia,Newport News Shipyard,"<div class=""section-text"">
<p>Military bases in close proximity to HII are Joint Bases Langley-Eustis, Yorktown Naval Weapons Station, Naval Station Norfolk, Joint Expeditionary Base Little Creek-Fort Story, Naval Air Station Oceana, Norfolk Naval Shipyard and Portsmouth Naval Hospital. Together, they support approximately 85,000 joint force military personnel with an additional 120,000 family members, over 68,000 retirees and 27,439 DoD personnel and civilian employees.</p>
</div>",120000,120000,27439,NA,27439,NA,NA
CONUS,Virginia,Norfolk Naval Shipyard,"<div class=""section-text""><p>Norfolk Naval Shipyard is home to approximately 12,000 Military and Civilian personnel.</p></div>",NA,NA,12000,NA,NA,NA,NA
CONUS,Virginia,Surface Combat Systems Center Wallops Island,"<div class=""section-text"">
<p>SCSC is comprised of a hard charging team of over 300 military, civilian and contractor personnel all working together to provide highly technical engineering and training support to the fleet.</p>
</div>",300,NA,NA,NA,NA,NA,NA
CONUS,Virginia,"USAREC, Richmond Recruiting Battalion",<div />,NA,NA,NA,NA,NA,NA,NA
CONUS,Washington,Fairchild AFB,"<div class=""section-text"">
<table border=""0"" style=""width: 100%; height: 112px;""><tbody>
<tr>
<td><strong>Population Type</strong></td>
    <td><strong>Number</strong></td>
  </tr>
<tr>
<td>Officers</td>
    <td>223</td>
  </tr>
<tr>
<td>Enlisted</td>
    <td>2,803</td>
  </tr>
<tr>
<td>Guard</td>
    <td>938</td>
  </tr>
<tr>
<td>Civilians</td>
    <td>486</td>
  </tr>
<tr>
<td>Retirees</td>
    <td>17,509</td>
  </tr>
</tbody></table>
<ul>
<li>Active Duty 3,053</li>
  <li>Guard 938</li>
  <li>Civilians 486</li>
  <li>Retirees approx 17,509</li>
</ul>
</div> <br/> <div class=""section-text"">
<p>City of Spokane: As of 1 July 2018, City of Spokane population was, 219,190</p>
</div>",3053,NA,486,NA,17509,NA,938
CONUS,Washington,Joint Base Lewis-McChord,"<div class=""section-text"">
<p>Total population at Joint Base Lewis-McChord is 295,067.</p>
</div>",NA,NA,NA,NA,NA,NA,NA
CONUS,Washington,Naval Air Station Whidbey Island,"<div class=""section-text"">
<ul>
<li>8,414 military personnel</li>
  <li>18,511 family members</li>
  <li>Approximately 10,000 retirees</li>
  <li>500+ reservists</li>
  <li>2100 civilian and contract employees</li>
  <li>37 Canadian Forces and their families</li>
  <li>85 Foreign Nationals and their families aboard for training</li>
</ul>
</div> <br/> <div class=""section-text"">
<p>83,159, Whidbey Island with approximately 23,000 in Oak Harbor</p>
</div>",8414,18511,2100,2100,10000,NA,500
CONUS,Washington,Naval Base Kitsap,"<div class=""section-text""><ul>
<li>Active Duty Military 15,601</li>
  <li>Civilian Employees 25,563</li>
  <li>Family Members 18,700</li>
  <li>Retirees 35,908</li>
</ul></div> <br/> <div class=""section-text"">
<p>266,550  (2019)  in Kitsap County, WA</p>
</div>",15601,18700,25563,NA,35908,NA,NA
CONUS,Washington,Naval Station Everett,"<div class=""section-text"">
<p>There are about 1,230 Sailors and Civil Service personnel assigned to commands located at Naval Station Everett.</p>
</div>",NA,NA,1230,NA,NA,NA,NA
CONUS,Washington,US Army Cadet Command 8th Brigade,"<div class=""section-text"">
<p>Fort Lewis, Washington has a population of approximately 13,776.</p>
</div>",NA,NA,NA,NA,NA,NA,NA
CONUS,Washington,"USAREC, Seattle Battalion",<div />,NA,NA,NA,NA,NA,NA,NA
CONUS,Wisconsin,Fort McCoy,"<div class=""section-text""><ul>
<li>2,500 civilians and 450 military personnel work on the installation</li>
  <li>Average daily student population is 3,136</li>
  <li>150,000 military retirees from all services</li>
</ul></div> <br/> <div class=""section-text"">
<p>The estimated population of Monroe County is 45,365.</p>
</div>",152500,NA,450,NA,150000,NA,NA
CONUS,Wisconsin,"USAREC, Milwaukee Battalion",<div />,NA,NA,NA,NA,NA,NA,NA
CONUS,Wyoming,F. E. Warren AFB,"<div class=""section-text"">
<p>F.E. Warren AFB services DoD personnel including active duty Air Force, Naval Reserve, Army Guard and Air National Guard to include their families; all civilian personnel working on the installation; and retirees to include their families.</p>
</div>",NA,NA,NA,NA,NA,NA,NA
OCONUS,Alaska,Eielson AFB,"<div class=""section-text""><p>Eielson AFB is comprised of approximately 11,000 personnel; to include 1,764 Active Duty, 2,028 family members, 4,471 civilians, contractors and 2,082 retirees. </p></div>",1764,2028,4471,2082,2082,NA,NA
OCONUS,Alaska,Joint Base Elmendorf - Richardson JBER,"<div class=""section-text"">
<p><em>Active Duty Population</em></p>
</div>",NA,NA,NA,NA,NA,NA,NA
OCONUS,Alaska,"USAG Alaska, Greely","<div class=""section-text""><p style=""margin: 0in 0in 8pt;""><span lang=""EN"" style='color: rgb(51, 51, 51); line-height: 107%; font-family: ""Arial"",sans-serif; font-size: 10pt; mso-ansi-language: EN;'>Fort Greely's population is a mix of active duty garrison personnel (4), MEDCOM (9), CRTC (4) Alaska National Guard (211), civilian workers (226), contractor and tenant personnel (534). There are approximately (312) people that reside on the post proper.</span></p></div>",NA,NA,NA,NA,NA,NA,NA
OCONUS,Alaska,"USAG Alaska, Wainwright","<div class=""section-text"">
<p><b>Population:</b> Serving approximately</p>
</div>",NA,NA,NA,NA,NA,NA,NA
OCONUS,"Armed Forces Europe, Middle East, Africa",Ankara,"<div class=""section-text""><p>Military community in Ankara includes approximately 150  joint services personnel. Air Force, Army, Navy and Marine personnel work at the ODC, 717 ABS, or Embassy. The city of Ankara has a population of around 5 million.</p></div>",NA,NA,NA,NA,NA,NA,NA
OCONUS,"Armed Forces Europe, Middle East, Africa",Lajes Field,"<div class=""section-text"">
<p>There are approximately 1,400 DoD personnel, local national employees and Portuguese military personnel.</p>
</div>",NA,NA,NA,NA,NA,NA,NA
OCONUS,Armed Forces Pacific,Camp Humphreys / USAG Humphreys,"<div class=""section-text""><p style=""margin: 0in 0in 8pt;""><span lang=""EN"" style='color: rgb(51, 51, 51); line-height: 107%; font-family: ""Arial"",sans-serif; font-size: 12pt; mso-ansi-language: EN;'>USAG Humphreys hosts a combined population of approximately 37,500 Department of Defense Service Members, Civilians, Contractors and their Families as of 2020. The estimated end state population of approximately 45,000 will be reached when the transformation and relocation program is completed.</span></p></div>",NA,NA,NA,NA,NA,NA,NA
OCONUS,Australia,Canberra,"<div class=""section-text""><p>The 337<sup>th</sup> ASUF provides support to approximately 200+ active duty military and their family members throughout Australia and New Zealand.</p></div>",200,NA,NA,NA,NA,NA,NA
OCONUS,Bahrain,Naval Support Activity Bahrain,"<div class=""section-text""><ul>
<li>Total DoD population: 9,000 including military and DoD civilians</li>
</ul></div> <br/> <div class=""section-text""><p>157,000 in Manama, Bahrain. 1.640 in the country of Bahrain.</p></div>",9000,NA,9000,NA,NA,NA,NA
OCONUS,Belgium,Kleine Brogel Air Base,"<div class=""section-text""><p>The 701 MUNSS is a geographically separated unit consisting of <strong>134</strong> active duty personnel, Department of Defense and local national civilians. The unit supports over 60 family members and a few retirees in a local area. The Belgian Air Force, through a bilateral agreement between the U.S. and Belgian Governments, provides and maintains property occupied by USAF personnel. Please note Kleine Brogel AB does not have lodging or a child development center on base.</p></div>",NA,NA,NA,NA,NA,NA,NA
OCONUS,Belgium,USAG BENELUX-Brussels-Schinnen,"<div class=""section-text"">
<p>Presently over 3,088 Service Members, Department of Defense and Department of State civilians and their family members living in and around Brussels Belgium receive some form of administrative support from USAG Benelux - Brussels.The support will differ depending on status.</p>
</div>",NA,NA,NA,NA,NA,NA,NA
OCONUS,Belgium,USAG BENELUX-SHAPE/Chievres,"<div class=""section-text"">
<p>SHAPE total population is 2,912; Chièvres total population is 1,429.</p>
</div>",NA,NA,NA,NA,NA,NA,NA
OCONUS,British Indian Ocean Territory,Navy Support Facility Diego Garcia,"<div class=""section-text"">
<p>Entry into Diego Garcia is restricted, requiring area clearance by the Commanding Officer of Navy Support Facility, Diego Garcia for all military and civilian personnel. Only active duty, unaccompanied military personnel are assigned to Diego Garcia. Active duty military couples are not allowed simultaneous assignments to Diego Garcia. There is a total of 2,438 people on the island, 396 joint forces military and over 2,000 civilians.</p>
</div>",2000,NA,2000,NA,NA,NA,NA
OCONUS,Cuba,Naval Station Guantanamo Bay,"<div class=""section-text"">
<p>NSGB serves about 6,000 Joint Services personnel, DoD Civilians, family members, contract personnel, and local national employees.</p>
</div>",NA,NA,NA,NA,NA,NA,NA
OCONUS,Germany,"Ansbach, United States Army Garrison","<div class=""section-text""><p>Approximately 50,000 residents.</p></div>",NA,NA,NA,NA,NA,NA,NA
OCONUS,Germany,Buechel Air Base ,"<div class=""section-text""><p>The 702 MUNSS has approximately 139 active duty military, 6 non-appropriated funds civilian, and two local national employees. The military members are composed of 20 separate Air Force Specialty Codes. The unit supports over 360 family members and a few retirees in the local area. The unit is responsible for ownership, custody, maintenance, and release of a protection level 1 stockpile with an annual budget of $200K. The German Air Force, through a bi-lateral agreement between the US and German Governments, maintains the property occupied by USAF personnel.</p></div>",702,360,NA,NA,NA,NA,NA
OCONUS,Germany,Geilenkirchen NATO Air Base,"<div class=""section-text"">
<p>Roughly 450 active-duty USAF and 10 Navy personnel are stationed here. Additionally, US Army members and their families are at nearby JFC Brunssum and USAG Schinnen, in The Netherlands. NATO civilians, DoDDs personnel, a handful of contractors and US Federal service personnel, military retirees, and numerous local nationals make a total of about 2,600 Americans working or living near Geilenkirchen NATO Air Base.</p>
</div>",450,NA,NA,NA,NA,NA,NA
OCONUS,Germany,Kalkar - U.S. Air Force Element,"<div class=""section-text"">
<p>The Von-Seydlitz Kaserne is the headquarters of the German Air Force Air Operations Command. The Joint Air Power Competence Centre (JAPCC) and the US National Support Unit (NSU) are located on the Kaserne. The Combined Air Operations Centre Uedem (CAOC Uedem) is located in the nearby town of Uedem. The USAF element at Kalkar is a small installation currently has about 35 military members, one US civilian, and one civilian German national employee. With family members, the American population is about 80 people.</p>
</div>",NA,NA,NA,NA,NA,NA,NA
OCONUS,Germany,Ramstein AB,"<div class=""section-text"">
<p>""K-Town"", as some call it, Kaiserslautern is known for being the largest American community in Europe. Over 53,000 Americans share this community with inhabitants from over 70 nations. Ramstein, Kapaun, Sembach, and Vogelweh are predominately Air Force communities, which share their services with the other military members of the KMC. Pulaski Barracks, Kleber, Panzer, Daenner, Miesau, Pirmasens, Rhein Ordnance Barracks and Landstuhl, and the Army's Regional Medical Community, all make up this great community.</p>
</div>",NA,NA,NA,NA,NA,NA,NA
OCONUS,Germany,Spangdahlem AB,"<div class=""section-text"">
<p>(Includes Spangdahlem, GSUs, Tenant Units, FOA Dets)</p>
</div>",NA,NA,NA,NA,NA,NA,NA
OCONUS,Germany,USAG Bavaria,"<div class=""section-text"">
<p> </p>
</div>",NA,NA,NA,NA,NA,NA,NA
OCONUS,Germany,"USAG Bavaria, Garmisch","<div class=""section-text"">
<p>The community has a population around 100 permanent party Active Duty and their Family members in its footprint. The civilian employees and their families add another 300 or so. The transient population resulting from the educational programs results in upwards of 10,000 annually and the ELR guests, approximately 250,000 annually.</p>
</div>",100,NA,NA,NA,NA,NA,NA
OCONUS,Germany,"USAG Bavaria, Hohenfels","<div class=""section-text"">
<p>USAG Hohenfels supports, on average, 9,000 personnel. These include 1,700 active duty military, 319 U.S. civilian employees, 750 local national employees, and 1,600 family members. There are about 2,231 trainees in the area on any given day.</p>
</div>",1700,1600,319,NA,NA,NA,NA
OCONUS,Germany,USAG Rheinland-Pfalz Kaiserslautern Military Community,"<div class=""section-text"">
<p>35,000 Military Members, Family Members and Department of Defense Civilians.</p>
</div>",35000,NA,NA,NA,NA,NA,NA
OCONUS,Germany,"USAG Rheinland-Pfalz, Baumholder","<div class=""section-text"">
<p>Approximately 7,000+ military members, family members and Department of Defense civilian employees.</p>
</div>",7000,NA,NA,NA,NA,NA,NA
OCONUS,Germany,USAG Stuttgart,"<div class=""section-text"">
<p>The Stuttgart Military Community is known as a ""Purple Community,"" meaning that all branches of service (to include active duty, reserve and guard) are assigned here from the Army, Air Force, Marine Corps, Navy and Coast Guard. Government Civilian employees, contract employees and local national hires are also part of the workforce in the community.</p>
</div>",NA,NA,NA,NA,NA,NA,NA
OCONUS,Germany,USAG Wiesbaden,"<div class=""section-text"">
<p>About 19,800 total, including approximately 3,100 military members; 3,900 U.S. civilians; 1,200 Local National civilians, 10,500 family members and 1,100 retirees.</p>
</div>",3900,1100,5100,NA,1100,NA,NA
OCONUS,Greece,Naval Support Activity Souda Bay,"<div class=""section-text"">
<p>NSA Souda Bay is comprised of approximately 20 officers, 300 enlisted personnel, 100 U.S civilians, and 200 contractors, both U.S. and local national. NSA Souda Bay consists of the following departments: Administration, Command Support, Chaplain, Comptroller, Fleet and Family Support Center, Legal, MWR, Operations, Public Affairs, Public Works, Safety, Security, Supply, CROF, Information Systems, Fire, Housing, HRO, Emergency Management, and 13 tenant commands.</p>
</div>",NA,NA,NA,200,NA,NA,NA
OCONUS,Guam,Joint Region Marianas - Andersen AFB,"<div class=""section-text""><ul>
<li>Military  2,085</li>
  <li>Family Members 2,202</li>
  <li>Civilians 865</li>
  <li>Contractors 436</li>
  <li>Retirees 2,366</li>
</ul></div> <br/> <div class=""section-text""><p><span class=""ILfuVd NA6bn c3biWd""><span class=""e24Kjd"">The current <b>population</b> of <b>Guam</b> is 168,094 as of January 2020, based on Worldometers elaboration of the latest United Nations data. </span></span></p></div>",NA,2202,865,436,2366,NA,NA
OCONUS,Hawaii,Joint Base Pearl Harbor - Hickam,"<div class=""section-text"">
<p>Joint Base Pearl Harbor Hickam provides services comparable to a large city to a population of active duty from all services, guard, reserve, family members and retirees.</p>
</div>",NA,NA,NA,NA,NA,NA,NA
OCONUS,Hawaii,MCB Hawaii,"<div class=""section-text"">
<p>Over 25,000 Marines, sailors, family members and civilian employees live and work on MCBH.</p>
</div>",NA,NA,NA,NA,NA,NA,NA
OCONUS,Hawaii,Schofield Barracks/Fort Shafter ,"<div class=""section-text"">
<p>Honolulu Metro Area: 988,650; Wahiawa: 34,191; Mililani: 48,668</p>
</div>",NA,NA,NA,NA,NA,NA,NA
OCONUS,Hungary,Papa Air Base ,"<div class=""section-text"">
<p>Papa Air Base has 1000 total personnel and family members from the nations Bulgaria, Estonia, Finland, Hungary, Lithuania, the Netherlands, Norway, Poland, Romania, Slovenia, Sweden, and the United States, as well as personnel from Boeing and their families.</p>
</div>",NA,1000,NA,NA,NA,NA,NA
OCONUS,Italy,Aviano Air Base,"<div class=""section-text"">
<p>In the northern region of Italy, 83,306 or 6.7% of Italy's population.</p>
</div>",NA,NA,NA,NA,NA,NA,NA
OCONUS,Italy,Ghedi Air Base,"<div class=""section-text"">
<p>The 704th MUNSS has approximately 134 active duty military, Department of Defense and local national civilians. The 704th MUNSS is responsible for maintaining US resources with an annual budget of $200K. The Italian Air Force, through a bi-lateral agreement between the U.S. and Italian Governments, provides and maintains property occupied by USAF personnel. Ghedi Air Base does not have personnel support facilities or billeting for U.S. forces. Please note there is also no child care facility/CDC located on Ghedi AB.</p>
</div>",134,NA,NA,NA,NA,NA,NA
OCONUS,Italy,Naval Air Station Sigonella,"<div class=""section-text""><ul>
<li>2173 Active Duty</li>
  <li>1930 Family Members</li>
  <li>353 CONUS Hires</li>
  <li>99 CONUS Hire Dependents</li>
  <li>775 Italian local national employees</li>
</ul></div> <br/> <div class=""section-text"">
<p>347,045 is the population in Catania, which is the second largest city on the island of Sicily after Palermo.</p>
</div>",2173,1930,NA,NA,NA,NA,NA
OCONUS,Italy,Naval Support Activity Naples,"<div class=""section-text""><ul>
<li>2,462 Active Duty Personnel</li>
  <li>3,578 Active Duty Family Members</li>
  <li>1,210 US Civilian Hires</li>
  <li>925 NATO Military</li>
  <li>1,250 NATO Family Members</li>
  <li><span style='font: 400 16px/24px ""Arvo"", serif; text-align: left; color: rgb(74, 74, 74); text-transform: none; text-indent: 0px; letter-spacing: normal; text-decoration: none; word-spacing: 0px; float: none; display: inline !important; white-space: normal; orphans: 2; font-size-adjust: none; font-stretch: normal; background-color: rgb(248, 249, 253); -webkit-text-stroke-width: 0px;'>973,132 in Naples.</span></li>
</ul></div> <br/> <div class=""section-text"" style=""text-align: left; color: rgb(74, 74, 74); text-transform: none; line-height: 24px; text-indent: 0px; letter-spacing: normal; overflow: visible; font-size: 16px; font-style: normal; font-variant: normal; font-weight: 400; text-decoration: none; word-spacing: 0px; white-space: normal; box-sizing: border-box; orphans: 2; -webkit-text-stroke-width: 0px;"">
<p style=""margin: 0px 0px 1rem; color: rgb(74, 74, 74); line-height: 24px; font-size: 16px; box-sizing: border-box;"">Our mission is to exercise command and area coordination over assigned activities, to coordinate provisions, and to provide logistics and administrative support to authorized U.S. personnel attached to NATO Commands located in the Naples area and U.S. Navy operating forces, Naval activities and units in the Naples/Gaeta area and other U.S. agencies as directed, as well as to carry out responsibilities for other U.S. Naval matters assigned by competent authority.</p>
</div>",3387,4828,1210,NA,NA,NA,NA
OCONUS,Italy,Naval Support Activity Naples Department Gaeta,"<div class=""section-text"">
<p>The population served is comprised of active duty personnel and their families, DoD personnel and US contractors from the Commands present in Gaeta (NSAND Gaeta, USS Mount Whitney), and various smaller commands throughout the Lazio region.</p>
</div>",NA,NA,NA,NA,NA,NA,NA
OCONUS,Italy,USAG Italy,"<div class=""section-text"">
<p>Total population is 15,875. The Vicenza Military Community is comprised of Soldiers, civilian employees (including Italian nationals), retirees and family members.</p>
</div>",NA,NA,NA,NA,NA,NA,NA
OCONUS,Italy,USAG Italy-Darby Military Community,"<div class=""section-text"">
<p>Darby Military Community is an Army installation with Army, Air Force, DoD Civilians, Contractors, Retirees and Family members. </p>
</div>",NA,NA,NA,NA,NA,NA,NA
OCONUS,Japan,"Camp S D Butler (Camp Foster, Kinser, Courtney, Hansen, Schwab and MCAS Futenma)","<div class=""section-text"">
<p>Okinawa is located on the east side of the Asia Continent and on the western end of the arch of the Japanese islands. The prefecture consists of 160 large and small islands (49 inhabited islands) dotted around the vast ocean stretching about 1,000 km from east to west and about 400 km from north to south. It is the largest of the Ryukyu Islands in southern Japan, with a population of 1,434,138. The capital city, Naha, has a population of 319,435.</p>
</div>",NA,NA,NA,NA,NA,NA,NA
OCONUS,Japan,Commander Fleet Activities Sasebo,"<div class=""section-text""><ul>
<li>7,500 CFAS Population</li>
  <li>3,100 Active Duty Members</li>
  <li>2,200 Family Members</li>
  <li>1,600 Japanese Employees</li>
  <li>500 DoD Civilians</li>
</ul></div> <br/> <div class=""section-text"">
<p>269,000 in Sasebo</p>
</div>",3100,2200,500,NA,NA,NA,NA
OCONUS,Japan,Commander Fleet Activities Yokosuka,"<div class=""section-text"">
<p>The base has a population of 24,500 military and civilian personnel.<br><br><strong>Area Population:</strong> 423,576 in Yokosuka, Japan.</p>
</div>",NA,NA,24500,NA,NA,NA,NA
OCONUS,Japan,Kadena AB,"<div class=""section-text"">
<p>The U.S. population in Okinawa approaches 80,000. Nearly 30,000 are active-duty military people from all four branches of the armed forces. There are nearly 1,400 DoD civilians, 700 DoD Dependents Schools (DoDDS) teachers and staff, and almost 25,000 U.S. family members that form our military community here. There are 13 major installations on Okinawa. Kadena itself is sprawled across some 4,900 acres with an adjoining munitions area of 6,300 acres.</p>
</div>",30000,25700,1400,NA,NA,NA,NA
OCONUS,Japan,Marine Corps Air Station Iwakuni,"<div class=""section-text"">
<p>As of 2018, the city of Iwakuni averages a population of 132,219. MCAS Iwakuni houses around 13,000 personnel.</p>
</div>",NA,NA,NA,NA,NA,NA,NA
OCONUS,Japan,Misawa AB,"<div class=""section-text"">
<table border=""0"" cellpadding=""0"" cellspacing=""0"" style=""width: 406px;"" width=""0""><tbody><tr><td style=""width: 66px; height: 31px;"">
      <p> </p>
</td></tr></tbody></table>
</div>",NA,NA,NA,NA,NA,NA,NA
OCONUS,Japan,Naval Air Facility Atsugi,"<div class=""section-text"">
<ul>
<li>3,022 military members</li>
  <li>455 DOD Civilians</li>
  <li>2,648 Dependents</li>
  <li>1,210 Japanese MLC/IHA</li>
  <li>2,000 JMSDF</li>
</ul>
</div> <br/> <div class=""section-text"">
<p>229,199 in Atsugi</p>
</div>",3022,2648,455,NA,NA,NA,NA
OCONUS,Japan,"USAG Japan, Zama",<div />,NA,NA,NA,NA,NA,NA,NA
OCONUS,Japan,"USAG Okinawa, Torii Station","<div class=""section-text""><p>Torii Station has an approximate total population of 5,068 attached, which includes: 1,670 Soldiers, 1,899 Family members, 185 Department of Army Civilians, 18 Non-Appropriated Fund employees, 811 Master Labor Contractors (local national personnel), 164 contract civilians and 321 other DoD.</p></div>",1670,1899,321,321,NA,NA,NA
OCONUS,Japan,Yokota AB,"<div class=""section-text""><p>The wing is composed of four groups, including 17 squadrons. More than 3,500 military members alongside U.S. and Japan civilian employees make up the 374th Airlift Wing work force, which supports 32 tenant units and a base populace of approximately 12,000. The wing includes the 36th Airlift Squadron, which flies the C-130J Super Hercules, and the 459th Airlift Squadron, which flies UH-1N helicopters and the C-12J Huron. In total, the wing has more than 20 aircraft.</p></div>",3500,NA,374,NA,NA,NA,NA
OCONUS,"Korea, Republic Of",Commander Fleet Activities Chinhae,"<div class=""section-text"">
<p style=""background: white; margin: 0in 0in 0pt; line-height: 150%; vertical-align: top; -ms-layout-grid-mode: char;"">Chinhae (population 192,000) is a district located in the larger city of Changwon (population 1.05 million).</p>
</div>",NA,NA,NA,NA,NA,NA,NA
OCONUS,"Korea, Republic Of",Kunsan AB,"<div class=""section-text""><ul>
<li>Military (U.S. Air Force): 2,586</li>
  <li>Military (U.S. Army): 185</li>
  <li>U.S. DoD Civilian: 26</li>
  <li>Korean Nationals: 463</li>
  <li>Family Members: 0</li>
</ul></div> <br/> <div class=""section-text"">
<p>The local population is about 700,000 in a country of 50 million.</p>
</div>",2771,NA,NA,NA,NA,NA,NA
OCONUS,"Korea, Republic Of",Osan Air Base,"<div class=""section-text"">
<ul>
<li>51 FW (Military at Osan AB) 3,597</li>
  <li>Tenant Units (Military at Osan AB) 1,999</li>
  <li>Family Members 1,500</li>
  <li>U.S. DoD and USAF Civilians 150</li>
  <li>Korean National Employees 500</li>
  <li>Retirees and Family Members 500</li>
</ul>
</div> <br/> <div class=""section-text"">
<p>City of Osan: 194,000,  <strong>City of Songtan:110, 000</strong>,City of Pyeongtaek: <strong>427,000, Republic of Korea: 51M  </strong></p>
</div>",5596,2000,150,NA,NA,500,NA
OCONUS,"Korea, Republic Of",USAG Daegu,"<div class=""section-text"">
<p>The Daegu enclave (Camp Henry and Camp Walker) has a population of about 5,000. There are about 1,100 U.S. Army Soldiers, which comprise the largest single segment of the population. Other members of the community include Department of the Army civilian employees, contractors, Korean national employees, Korean Augmentation to the U.S. Army, or KATUSA, Soldiers, and family members. The total population of Camp Carroll is about 4,200.</p>
</div>",1100,NA,NA,NA,NA,NA,NA
OCONUS,"Korea, Republic Of",USAG Yongsan-Casey,"<div class=""section-text""><ul>
<li>Active Duty military: 3,178</li>
  <li>Civilians: 1,542</li>
  <li>Family Members: 2,473</li>
  <li>Contractors: 773</li>
  <li>Others: 2,600</li>
</ul></div> <br/> <div class=""section-text"">
<p>Seoul: 13 million</p>
</div>",3178,2473,1542,773,NA,NA,NA
OCONUS,Netherlands,United States Army Garrison BENELUX-Schinnen,"<div class=""section-text"">
<p>There are approximately 5,000 service members, Department of Defense and their family members living in and around Schinnen, the Netherlands, and the Tri-Border area who receive administrative support from USAG Benelux-Schinnen.</p>
</div>",NA,NA,NA,NA,NA,NA,NA
OCONUS,Netherlands,Volkel Air Base,"<div class=""section-text""><p>Our community consists of active duty and their family members and civilian contractors totaling approximately 350 people.  The active duty personnel consist of 24 different Air Force Specialties who work with the Royal Netherlands Air Force through a bi-lateral agreement or technical arrangement between the U.S. and Dutch Government. The next few sections will give you a detailed look at the community. </p></div>",NA,NA,350,350,NA,NA,NA
OCONUS,Norway,Stavanger,"<div class=""section-text""><p>We are a joint-services base with a military/dependent population of approximately 280 people. We support US Military and their dependents, civilians, exchange officers, and retirees throughout Norway to include the communities of Oslo, Bergen, Trondheim, and Bodø.</p></div>",NA,NA,NA,NA,NA,NA,NA
OCONUS,Puerto Rico,Fort Buchanan,"<div class=""section-text"">
<p>Fort Buchanan serves and supports Active Duty, Reserve, and National Guard soldiers, Air Force and U.S. Navy Reserve personnel, DoD civilians, veterans, retirees, and military family members. The installation also supports some 32 federal agencies stationed in Puerto Rico and the U.S. Virgin Islands.</p>
</div>",NA,NA,NA,NA,NA,NA,NA
OCONUS,Singapore,Singapore Area Coordinator,"<div class=""section-text""><p>Other detachments and armed forces services located in the building 7-4 terminal or elsewhere in Singapore include Commander, Logistics Group Western Pacific/Task Force 73, 497th Combat Training Squadron, U.S. Coast Guard Det Singapore, U.S. Army Veterinarian Services, U.S. Air Force, Defense Contract Management Agency (DCMA), Naval Oceanographic Office, Navy Supply Systems Command Fleet Logistics Center Yokosuka (NAVSUP), Customer Support Detachment (CSD), Ship Support Unit (SSU), Military Sealift Command Far East (MSCFE), Sealift Logistics Command, Far East (SEALOGFE), Air Mobility Squadron, Det 2, Navy Criminal Investigative Service (NCIS). In all, approximately 1180 permanently stationed personnel and their family members are eligible to receive support through SAC's services.</p></div>",NA,NA,NA,NA,NA,NA,NA
OCONUS,Spain,Moron AB,"<div class=""section-text""><p>Morón Air Base has a core foundation of 100+ permanent party Air Force members and Department of Defense civilians, plus another 450+ civilian contract employees.</p></div>",NA,NA,450,450,NA,NA,NA
OCONUS,Spain,Naval Station Rota,"<div class=""section-text"">
<p>Naval Station Rota and its more than 35 tenant commands comprise approximately 5,600 Americans within a 25-mile area. Of those, nearly 2,768 are active duty representing all services; 2,349 are family members and 496 are U.S. civilian employees. Additionally, there are some 300 U.S. military retirees in the area.</p>
</div>",2349,496,496,NA,300,NA,NA
OCONUS,Turkey,Incirlik AB,"<div class=""section-text""><p>Incirlik is home to approximately 1,465 military members. DoD and other civilians combine for a strength of 365 for a total population of 1,830.</p></div>",1465,NA,NA,NA,NA,NA,NA
OCONUS,Turkey,Izmir AS,"<div class=""section-text"">
<p>Izmir provides services to service members from 16 of 19 NATO member countries.</p>
</div>",NA,NA,NA,NA,NA,NA,NA
OCONUS,United Kingdom,"RAF Alconbury, RAF Molesworth","<div class=""section-text"">
<p>We are a joint-services base with a military population of approximately 6,000 including family members. </p>
</div>",6000,6000,NA,NA,NA,NA,NA
OCONUS,United Kingdom,"RAF Croughton, RAF Fairford",<div />,NA,NA,NA,NA,NA,NA,NA
OCONUS,United Kingdom,RAF Lakenheath,"<div class=""section-text"">
<p>RAF Lakenheath consists of approximately 5,500 active-duty military members, 2,700 British and U.S. civilians, and includes geographically separated units at nearby RAF Feltwell.</p>
</div>",5500,NA,2700,NA,NA,NA,NA
OCONUS,United Kingdom,RAF Mildenhall,"<div class=""section-text""><ul>
<li>Approx 3,000 United States military members</li>
  <li>Approx 900 Civilians</li>
  <li>Approx 3,000 Family members</li>
</ul></div> <br/> <div class=""section-text"">
<p>East Anglia is made up of the counties of Cambridgeshire, Essex, Norfolk and Suffolk. The region has a population of 3.7 million.</p>
</div>",3000,3000,900,NA,NA,NA,NA
